Scenario,Replication,Method,Estimate,True ATE,Error,Squared error
No confounding,0,Naive regression Y~A,1.8781458398943136,2.0,-0.1218541601056864,0.014848436335062254
No confounding,0,Adjusted regression Y~A+X,1.9847171148205098,2.0,-0.015282885179490169,0.00023356657940948024
No confounding,0,IPW Hajek,1.9860481144850257,2.0,-0.013951885514974283,0.0001946551094229492
No confounding,1,Naive regression Y~A,2.0548926611647,2.0,0.05489266116470004,0.003013204249742568
No confounding,1,Adjusted regression Y~A+X,1.9865455357824393,2.0,-0.013454464217560691,0.00018102260738162102
No confounding,1,IPW Hajek,1.9859219511445434,2.0,-0.014078048855456604,0.000198191459576623
No confounding,2,Naive regression Y~A,2.1952068884998956,2.0,0.19520688849989565,0.03810572931781069
No confounding,2,Adjusted regression Y~A+X,2.0380229225994992,2.0,0.03802292259949924,0.0014457426430075102
No confounding,2,IPW Hajek,2.038350916324169,2.0,0.03835091632416887,0.0014707927829034023
No confounding,3,Naive regression Y~A,2.184583572560424,2.0,0.1845835725604239,0.03407109525916928
No confounding,3,Adjusted regression Y~A+X,2.0538718268554885,2.0,0.053871826855488525,0.0029021737287477345
No confounding,3,IPW Hajek,2.0532969901699607,2.0,0.0532969901699607,0.0028405691611768876
No confounding,4,Naive regression Y~A,2.0498500534157857,2.0,0.049850053415785744,0.002485027825556692
No confounding,4,Adjusted regression Y~A+X,1.9876789378283646,2.0,-0.012321062171635422,0.00015180857303730537
No confounding,4,IPW Hajek,1.988051007510374,2.0,-0.011948992489626109,0.00014277842151714116
No confounding,5,Naive regression Y~A,1.8651326863720403,2.0,-0.13486731362795967,0.018189192285222436
No confounding,5,Adjusted regression Y~A+X,1.8750605293177385,2.0,-0.12493947068226152,0.015609871334363687
No confounding,5,IPW Hajek,1.8748452390711956,2.0,-0.1251547609288044,0.015663714183146184
No confounding,6,Naive regression Y~A,2.121694648008316,2.0,0.12169464800831609,0.01480958735386795
No confounding,6,Adjusted regression Y~A+X,2.006863103491537,2.0,0.006863103491537181,4.710218953554985e-05
No confounding,6,IPW Hajek,2.0071759202755386,2.0,0.007175920275538594,5.14938318008859e-05
No confounding,7,Naive regression Y~A,1.8268197139156657,2.0,-0.17318028608433433,0.029991411488251882
No confounding,7,Adjusted regression Y~A+X,1.828441249676971,2.0,-0.17155875032302892,0.029432404812399376
No confounding,7,IPW Hajek,1.8284956305228386,2.0,-0.1715043694771614,0.029413748749758696
No confounding,8,Naive regression Y~A,1.8229717404940395,2.0,-0.17702825950596046,0.03133900466370968
No confounding,8,Adjusted regression Y~A+X,1.8917622364933653,2.0,-0.10823776350663472,0.011715413448918187
No confounding,8,IPW Hajek,1.8927389938680828,2.0,-0.10726100613191725,0.01150492343643119
No confounding,9,Naive regression Y~A,1.948445318753436,2.0,-0.05155468124656393,0.0026578851584348104
No confounding,9,Adjusted regression Y~A+X,1.9503204852048537,2.0,-0.04967951479514632,0.002468054190281162
No confounding,9,IPW Hajek,1.950323049987823,2.0,-0.04967695001217698,0.00246779936251233
No confounding,10,Naive regression Y~A,2.158300126438122,2.0,0.15830012643812186,0.025058930030325367
No confounding,10,Adjusted regression Y~A+X,1.9162003121201565,2.0,-0.08379968787984349,0.007022387688759187
No confounding,10,IPW Hajek,1.9162829605115326,2.0,-0.08371703948846743,0.007008542700713614
No confounding,11,Naive regression Y~A,2.2227788513460083,2.0,0.22277885134600828,0.049630416607046854
No confounding,11,Adjusted regression Y~A+X,2.1161531781405487,2.0,0.11615317814054871,0.013491560792150041
No confounding,11,IPW Hajek,2.117014124804748,2.0,0.11701412480474804,0.013692305403821152
No confounding,12,Naive regression Y~A,2.0406453539865104,2.0,0.04064535398651037,0.0016520448006887344
No confounding,12,Adjusted regression Y~A+X,1.9743550532915226,2.0,-0.02564494670847739,0.0006576632916806453
No confounding,12,IPW Hajek,1.9755511602340199,2.0,-0.024448839765980113,0.0005977457659025705
No confounding,13,Naive regression Y~A,2.2546589091740827,2.0,0.25465890917408274,0.06485116002173372
No confounding,13,Adjusted regression Y~A+X,1.9690377809040118,2.0,-0.030962219095988175,0.0009586590113479748
No confounding,13,IPW Hajek,1.9673924053823073,2.0,-0.03260759461769269,0.0010632552267517813
No confounding,14,Naive regression Y~A,1.9839896546913034,2.0,-0.016010345308696605,0.0002563311569037034
No confounding,14,Adjusted regression Y~A+X,2.065791037040815,2.0,0.06579103704081479,0.0043284605549058644
No confounding,14,IPW Hajek,2.064090962480341,2.0,0.06409096248034096,0.004107651471656473
No confounding,15,Naive regression Y~A,2.2571295973821623,2.0,0.25712959738216234,0.06611562984991291
No confounding,15,Adjusted regression Y~A+X,2.0627868874933646,2.0,0.06278688749336458,0.003942193241104422
No confounding,15,IPW Hajek,2.0642114393212077,2.0,0.06421143932120765,0.004123108939701132
No confounding,16,Naive regression Y~A,1.9234777979738205,2.0,-0.07652220202617954,0.005855647402935436
No confounding,16,Adjusted regression Y~A+X,2.045957159981857,2.0,0.04595715998185712,0.0021120605535980097
No confounding,16,IPW Hajek,2.0453193218086616,2.0,0.045319321808661606,0.0020538409291970313
No confounding,17,Naive regression Y~A,1.9862212288269867,2.0,-0.013778771173013293,0.00018985453503826214
No confounding,17,Adjusted regression Y~A+X,1.9151303291889397,2.0,-0.08486967081106034,0.007202861023577747
No confounding,17,IPW Hajek,1.915590301853877,2.0,-0.08440969814612309,0.007124997141119616
No confounding,18,Naive regression Y~A,1.8872671269914936,2.0,-0.11273287300850643,0.012708700656752038
No confounding,18,Adjusted regression Y~A+X,1.9236665103527444,2.0,-0.07633348964725561,0.00582680164172768
No confounding,18,IPW Hajek,1.9231818436583994,2.0,-0.07681815634160061,0.005901029143722593
No confounding,19,Naive regression Y~A,2.0004518999687595,2.0,0.0004518999687594949,2.0421358176483247e-07
No confounding,19,Adjusted regression Y~A+X,1.9809220060088735,2.0,-0.01907799399112653,0.00036396985472545996
No confounding,19,IPW Hajek,1.9810364461778107,2.0,-0.018963553822189283,0.00035961637356706974
No confounding,20,Naive regression Y~A,1.9577783979240835,2.0,-0.04222160207591652,0.0017826636818570381
No confounding,20,Adjusted regression Y~A+X,1.935545032748365,2.0,-0.06445496725163502,0.004154442803409343
No confounding,20,IPW Hajek,1.9356205704142704,2.0,-0.06437942958572962,0.004144710953783918
No confounding,21,Naive regression Y~A,2.082325537317478,2.0,0.08232553731747805,0.006777494094611471
No confounding,21,Adjusted regression Y~A+X,1.9720730908525286,2.0,-0.027926909147471424,0.0007799122545311231
No confounding,21,IPW Hajek,1.9735754789610953,2.0,-0.02642452103890469,0.0006982553121355167
No confounding,22,Naive regression Y~A,1.8919850053064649,2.0,-0.10801499469353515,0.011667239078644427
No confounding,22,Adjusted regression Y~A+X,1.9486946019288183,2.0,-0.05130539807118173,0.002632243871242418
No confounding,22,IPW Hajek,1.9492562024427207,2.0,-0.05074379755727931,0.002574932990534146
No confounding,23,Naive regression Y~A,2.059378359874086,2.0,0.059378359874085795,0.003525789621336442
No confounding,23,Adjusted regression Y~A+X,2.0572066433582585,2.0,0.057206643358258535,0.003272600044318985
No confounding,23,IPW Hajek,2.0572821642493375,2.0,0.05728216424933752,0.003281246341088081
No confounding,24,Naive regression Y~A,2.0049483762516727,2.0,0.004948376251672659,2.448642752811796e-05
No confounding,24,Adjusted regression Y~A+X,1.9555998245986057,2.0,-0.04440017540139429,0.001971375575674579
No confounding,24,IPW Hajek,1.9549594634666954,2.0,-0.04504053653330464,0.00202864993120795
No confounding,25,Naive regression Y~A,2.226396139087905,2.0,0.226396139087905,0.05125521179391003
No confounding,25,Adjusted regression Y~A+X,2.113995498797819,2.0,0.11399549879781912,0.01299497374616358
No confounding,25,IPW Hajek,2.1177628792614835,2.0,0.11776287926148354,0.01386809573195475
No confounding,26,Naive regression Y~A,1.9978746857679484,2.0,-0.002125314232051645,4.516960584961273e-06
No confounding,26,Adjusted regression Y~A+X,2.0142048999283464,2.0,0.014204899928346393,0.00020177918197433536
No confounding,26,IPW Hajek,2.014100106801129,2.0,0.014100106801128831,0.0001988130118032395
No confounding,27,Naive regression Y~A,1.9910402148939288,2.0,-0.008959785106071205,8.02777491469754e-05
No confounding,27,Adjusted regression Y~A+X,2.0689071777571906,2.0,0.06890717775719057,0.004748199146461059
No confounding,27,IPW Hajek,2.067853062879781,2.0,0.06785306287978088,0.004604038142167498
No confounding,28,Naive regression Y~A,2.0762264243983823,2.0,0.07622642439838234,0.0058104677765622986
No confounding,28,Adjusted regression Y~A+X,2.042072021763325,2.0,0.04207202176332503,0.001770055015253695
No confounding,28,IPW Hajek,2.041744047336718,2.0,0.041744047336718104,0.0017425654880501619
No confounding,29,Naive regression Y~A,2.0615272336434356,2.0,0.0615272336434356,0.003785600479813913
No confounding,29,Adjusted regression Y~A+X,1.9949005034602059,2.0,-0.005099496539794135,2.6004864959372356e-05
No confounding,29,IPW Hajek,1.9956131451295165,2.0,-0.004386854870483514,1.924449565468493e-05
No confounding,30,Naive regression Y~A,2.1766760033537937,2.0,0.17667600335379374,0.03121441016106974
No confounding,30,Adjusted regression Y~A+X,2.063320670198099,2.0,0.06332067019809884,0.004009507274336402
No confounding,30,IPW Hajek,2.0634694003268117,2.0,0.0634694003268117,0.004028364777845085
No confounding,31,Naive regression Y~A,2.0648952672442147,2.0,0.06489526724421468,0.0042113957106980435
No confounding,31,Adjusted regression Y~A+X,1.997826697316149,2.0,-0.002173302683851075,4.723244555634285e-06
No confounding,31,IPW Hajek,1.9976896667771884,2.0,-0.0023103332228116003,5.337639600427035e-06
No confounding,32,Naive regression Y~A,2.0470415505408024,2.0,0.04704155054080239,0.0022129074772828656
No confounding,32,Adjusted regression Y~A+X,2.0119956094614606,2.0,0.01199560946146061,0.0001438946463518833
No confounding,32,IPW Hajek,2.0115938273825003,2.0,0.011593827382500255,0.00013441683337521272
No confounding,33,Naive regression Y~A,1.7188361928466713,2.0,-0.28116380715332867,0.0790530864529542
No confounding,33,Adjusted regression Y~A+X,1.9109788242313708,2.0,-0.08902117576862922,0.00792476973522918
No confounding,33,IPW Hajek,1.91289633434269,2.0,-0.08710366565731009,0.0075870485709404615
No confounding,34,Naive regression Y~A,1.9685146939901086,2.0,-0.03148530600989141,0.0009913244945365042
No confounding,34,Adjusted regression Y~A+X,1.9893538399635753,2.0,-0.010646160036424712,0.00011334072352116663
No confounding,34,IPW Hajek,1.9900551300363971,2.0,-0.009944869963602887,9.890043859297089e-05
No confounding,35,Naive regression Y~A,2.0365739125799642,2.0,0.03657391257996423,0.0013376510814068657
No confounding,35,Adjusted regression Y~A+X,1.9584327767017016,2.0,-0.04156722329829843,0.0017278340527306037
No confounding,35,IPW Hajek,1.959709724231451,2.0,-0.040290275768549044,0.0016233063215057304
No confounding,36,Naive regression Y~A,1.9405901478880252,2.0,-0.059409852111974804,0.003529530527966717
No confounding,36,Adjusted regression Y~A+X,1.8973201276931098,2.0,-0.10267987230689024,0.010543156176959285
No confounding,36,IPW Hajek,1.897387584592999,2.0,-0.10261241540700095,0.010529307795658926
No confounding,37,Naive regression Y~A,1.9400249588578564,2.0,-0.05997504114214358,0.0035970055600018152
No confounding,37,Adjusted regression Y~A+X,2.014078204889677,2.0,0.014078204889676815,0.0001981958529157202
No confounding,37,IPW Hajek,2.012818277241489,2.0,0.012818277241489096,0.0001643082314396773
No confounding,38,Naive regression Y~A,2.198157895975687,2.0,0.19815789597568711,0.039266551737511236
No confounding,38,Adjusted regression Y~A+X,2.0166632456536497,2.0,0.01666324565364974,0.0002776637557138769
No confounding,38,IPW Hajek,2.020820224951101,2.0,0.02082022495110092,0.0004334817670144452
No confounding,39,Naive regression Y~A,1.8307971988835783,2.0,-0.16920280111642172,0.028629587905643364
No confounding,39,Adjusted regression Y~A+X,1.9225679538362428,2.0,-0.0774320461637572,0.005995721773106227
No confounding,39,IPW Hajek,1.922269019226125,2.0,-0.07773098077387508,0.006042105372068537
No confounding,40,Naive regression Y~A,2.0022273793638936,2.0,0.0022273793638936112,4.961218830699108e-06
No confounding,40,Adjusted regression Y~A+X,1.8873443234590255,2.0,-0.11265567654097453,0.012691301456904678
No confounding,40,IPW Hajek,1.883752456026384,2.0,-0.11624754397361592,0.013513491479897766
No confounding,41,Naive regression Y~A,1.911519514062872,2.0,-0.08848048593712798,0.007828796391670303
No confounding,41,Adjusted regression Y~A+X,1.9168682828776056,2.0,-0.08313171712239442,0.006910882391717806
No confounding,41,IPW Hajek,1.916884061336449,2.0,-0.08311593866355094,0.006908259259923161
No confounding,42,Naive regression Y~A,1.8031602841892198,2.0,-0.1968397158107802,0.03874587372046871
No confounding,42,Adjusted regression Y~A+X,2.007755782211242,2.0,0.007755782211241957,6.015215770821718e-05
No confounding,42,IPW Hajek,2.006701984450016,2.0,0.006701984450015797,4.4916595568253536e-05
No confounding,43,Naive regression Y~A,2.1056137500438,2.0,0.10561375004379991,0.011154264198314246
No confounding,43,Adjusted regression Y~A+X,2.0245941196018546,2.0,0.024594119601854647,0.000604870718990331
No confounding,43,IPW Hajek,2.0252632098605425,2.0,0.025263209860542535,0.0006382297724578136
No confounding,44,Naive regression Y~A,2.1398114286773353,2.0,0.13981142867733531,0.019547235588797618
No confounding,44,Adjusted regression Y~A+X,2.044019569497308,2.0,0.04401956949730801,0.0019377224987283297
No confounding,44,IPW Hajek,2.0436947982354083,2.0,0.04369479823540834,0.0019092353928330437
No confounding,45,Naive regression Y~A,1.953145637507902,2.0,-0.04685436249209807,0.002195331284540926
No confounding,45,Adjusted regression Y~A+X,1.8902881677395245,2.0,-0.10971183226047554,0.012036686137950722
No confounding,45,IPW Hajek,1.8908921229427842,2.0,-0.10910787705721581,0.01190452883593252
No confounding,46,Naive regression Y~A,2.1174760538047277,2.0,0.1174760538047277,0.013800623217531277
No confounding,46,Adjusted regression Y~A+X,2.0504986807183263,2.0,0.050498680718326305,0.002550116754291461
No confounding,46,IPW Hajek,2.051162283085194,2.0,0.051162283085194105,0.0026175792104895386
No confounding,47,Naive regression Y~A,2.057799527910223,2.0,0.0577995279102228,0.0033407854266446248
No confounding,47,Adjusted regression Y~A+X,1.9838709913051762,2.0,-0.01612900869482381,0.00026014492147770205
No confounding,47,IPW Hajek,1.9835460524748418,2.0,-0.016453947525158164,0.00027073238916065843
No confounding,48,Naive regression Y~A,2.0938354919509496,2.0,0.09383549195094965,0.008805099549676735
No confounding,48,Adjusted regression Y~A+X,2.009663044448105,2.0,0.009663044448104952,9.337442800605192e-05
No confounding,48,IPW Hajek,2.0108759180042366,2.0,0.010875918004236595,0.00011828559243487774
No confounding,49,Naive regression Y~A,1.9691285738970912,2.0,-0.030871426102908828,0.0009530449496273605
No confounding,49,Adjusted regression Y~A+X,1.9383268109225305,2.0,-0.06167318907746955,0.003803582250985309
No confounding,49,IPW Hajek,1.9383233046080828,2.0,-0.061676695391917224,0.0038040147544673433
No confounding,50,Naive regression Y~A,1.74848680176313,2.0,-0.2515131982368699,0.06325888888733902
No confounding,50,Adjusted regression Y~A+X,1.929575786043698,2.0,-0.07042421395630205,0.004959569911363009
No confounding,50,IPW Hajek,1.9260770745106086,2.0,-0.07392292548939139,0.005464598912910111
No confounding,51,Naive regression Y~A,2.066949862776676,2.0,0.06694986277667603,0.004482284125815751
No confounding,51,Adjusted regression Y~A+X,1.9530817503895839,2.0,-0.04691824961041613,0.0022013221465053134
No confounding,51,IPW Hajek,1.9551808939036186,2.0,-0.0448191060963814,0.0020087522712786926
No confounding,52,Naive regression Y~A,2.022430875747816,2.0,0.022430875747815993,0.0005031441868139597
No confounding,52,Adjusted regression Y~A+X,2.019136573991091,2.0,0.019136573991091144,0.000366208464116506
No confounding,52,IPW Hajek,2.0191565272982874,2.0,0.01915652729828743,0.00036697253813003144
No confounding,53,Naive regression Y~A,2.12647032393499,2.0,0.1264703239349898,0.015994742836221255
No confounding,53,Adjusted regression Y~A+X,2.007873325727927,2.0,0.007873325727926872,6.19892580180352e-05
No confounding,53,IPW Hajek,2.009023512338409,2.0,0.009023512338409034,8.142377492142008e-05
No confounding,54,Naive regression Y~A,2.0468072651024904,2.0,0.04680726510249045,0.00219092006637482
No confounding,54,Adjusted regression Y~A+X,2.0196455336410097,2.0,0.019645533641009738,0.00038594699204004535
No confounding,54,IPW Hajek,2.019503145181293,2.0,0.019503145181293036,0.00038037267196259377
No confounding,55,Naive regression Y~A,1.9094913373111733,2.0,-0.09050866268882674,0.008191818021719817
No confounding,55,Adjusted regression Y~A+X,1.957482286405619,2.0,-0.04251771359438106,0.0018077559692938156
No confounding,55,IPW Hajek,1.9578729491971716,2.0,-0.042127050802828414,0.0017746884093440861
No confounding,56,Naive regression Y~A,1.840701761823267,2.0,-0.15929823817673294,0.025375928686211136
No confounding,56,Adjusted regression Y~A+X,2.002450924413759,2.0,0.002450924413758937,6.0070304819595886e-06
No confounding,56,IPW Hajek,2.0016662395709135,2.0,0.001666239570913497,2.7763543076779946e-06
No confounding,57,Naive regression Y~A,1.8713362656010541,2.0,-0.12866373439894585,0.016554356549482483
No confounding,57,Adjusted regression Y~A+X,2.0053152999777883,2.0,0.005315299977788346,2.825241385387679e-05
No confounding,57,IPW Hajek,2.0062028079263277,2.0,0.006202807926327658,3.847482617091322e-05
No confounding,58,Naive regression Y~A,1.999587363023372,2.0,-0.00041263697662796694,1.7026927448066935e-07
No confounding,58,Adjusted regression Y~A+X,1.9486219335447277,2.0,-0.05137806645527232,0.002639705712682379
No confounding,58,IPW Hajek,1.948246611393697,2.0,-0.051753388606303075,0.002678413232235021
No confounding,59,Naive regression Y~A,2.0431989592083264,2.0,0.04319895920832639,0.0018661500766826477
No confounding,59,Adjusted regression Y~A+X,1.9223653599695183,2.0,-0.0776346400304817,0.006027137332662472
No confounding,59,IPW Hajek,1.9215027727043625,2.0,-0.07849722729563746,0.006161814693102971
No confounding,60,Naive regression Y~A,1.8842355543113396,2.0,-0.1157644456886604,0.013401406885602804
No confounding,60,Adjusted regression Y~A+X,1.9550803128562353,2.0,-0.04491968714376471,0.0020177782930937004
No confounding,60,IPW Hajek,1.9549545469919338,2.0,-0.04504545300806617,0.0020290928367018976
No confounding,61,Naive regression Y~A,2.139586381759164,2.0,0.13958638175916382,0.019484357972615024
No confounding,61,Adjusted regression Y~A+X,2.016881595282,2.0,0.01688159528199984,0.00028498825926523923
No confounding,61,IPW Hajek,2.0168496999845,2.0,0.01684969998449981,0.0002839123895676529
No confounding,62,Naive regression Y~A,2.1851409351444335,2.0,0.18514093514443353,0.03427716586615534
No confounding,62,Adjusted regression Y~A+X,2.066163345473184,2.0,0.06616334547318381,0.004377588284203872
No confounding,62,IPW Hajek,2.0700939809401593,2.0,0.07009398094015928,0.004913166164039413
No confounding,63,Naive regression Y~A,1.9376734885394946,2.0,-0.062326511460505385,0.003884594030836509
No confounding,63,Adjusted regression Y~A+X,2.0305312618391063,2.0,0.03053126183910626,0.0009321579494880662
No confounding,63,IPW Hajek,2.027993637453932,2.0,0.027993637453931797,0.0007836437379021731
No confounding,64,Naive regression Y~A,1.8650323154188782,2.0,-0.13496768458112185,0.018216275881189195
No confounding,64,Adjusted regression Y~A+X,1.9905164059594957,2.0,-0.00948359404050425,8.993855592508773e-05
No confounding,64,IPW Hajek,1.9898899147598277,2.0,-0.010110085240172317,0.00010221382356355014
No confounding,65,Naive regression Y~A,2.137368706991753,2.0,0.13736870699175308,0.01887016166058611
No confounding,65,Adjusted regression Y~A+X,1.996703265993473,2.0,-0.00329673400652708,1.0868455109792093e-05
No confounding,65,IPW Hajek,1.998199664851886,2.0,-0.0018003351481139518,3.241206645534485e-06
No confounding,66,Naive regression Y~A,2.2050838207771637,2.0,0.2050838207771637,0.0420593735445598
No confounding,66,Adjusted regression Y~A+X,2.0244408098291538,2.0,0.024440809829153753,0.0005973531851048588
No confounding,66,IPW Hajek,2.027613685204233,2.0,0.02761368520423302,0.0007625156105584775
No confounding,67,Naive regression Y~A,2.026769584934228,2.0,0.026769584934227986,0.000716610677550846
No confounding,67,Adjusted regression Y~A+X,2.042614998407327,2.0,0.042614998407326965,0.0018160380892564797
No confounding,67,IPW Hajek,2.042856779321931,2.0,0.04285677932193099,0.001836703533848692
No confounding,68,Naive regression Y~A,1.8920138378046705,2.0,-0.10798616219532953,0.011661011225676017
No confounding,68,Adjusted regression Y~A+X,1.9625781337522321,2.0,-0.03742186624776789,0.0014003960734658295
No confounding,68,IPW Hajek,1.962346117132638,2.0,-0.03765388286736204,0.0014178148949890207
No confounding,69,Naive regression Y~A,2.1789995103339406,2.0,0.17899951033394057,0.0320408246997905
No confounding,69,Adjusted regression Y~A+X,2.106623081162089,2.0,0.10662308116208896,0.01136848143649741
No confounding,69,IPW Hajek,2.1077131119910524,2.0,0.10771311199105238,0.011602114494796992
No confounding,70,Naive regression Y~A,1.9697318730187534,2.0,-0.03026812698124659,0.0009161595109528678
No confounding,70,Adjusted regression Y~A+X,1.9482460306085516,2.0,-0.051753969391448384,0.0026784733477709763
No confounding,70,IPW Hajek,1.947812800954704,2.0,-0.05218719904529601,0.0027235037441933445
No confounding,71,Naive regression Y~A,2.056381351860177,2.0,0.05638135186017701,0.0031788568375810855
No confounding,71,Adjusted regression Y~A+X,2.054023119528307,2.0,0.054023119528307184,0.002918497443569765
No confounding,71,IPW Hajek,2.054069001807732,2.0,0.05406900180773189,0.002923456956484514
No confounding,72,Naive regression Y~A,2.0698158072299124,2.0,0.06981580722991243,0.004874246939164293
No confounding,72,Adjusted regression Y~A+X,1.9565974086530544,2.0,-0.043402591346945574,0.0018837849356299547
No confounding,72,IPW Hajek,1.955892825264994,2.0,-0.044107174735005916,0.0019454428631043442
No confounding,73,Naive regression Y~A,1.9710661928700017,2.0,-0.028933807129998268,0.0008371651950359386
No confounding,73,Adjusted regression Y~A+X,2.036675379225784,2.0,0.0366753792257839,0.0013450834413550612
No confounding,73,IPW Hajek,2.036760951789624,2.0,0.03676095178962413,0.0013513675764790696
No confounding,74,Naive regression Y~A,1.9724421696534824,2.0,-0.027557830346517598,0.0007594340134074462
No confounding,74,Adjusted regression Y~A+X,1.952544033165022,2.0,-0.0474559668349781,0.0022520687882425414
No confounding,74,IPW Hajek,1.952627079465406,2.0,-0.047372920534594076,0.002244193599976965
No confounding,75,Naive regression Y~A,2.1455961846449614,2.0,0.14559618464496138,0.021198248983169687
No confounding,75,Adjusted regression Y~A+X,2.0290965742203935,2.0,0.029096574220393467,0.0008466106313628658
No confounding,75,IPW Hajek,2.028816433924062,2.0,0.028816433924061968,0.0008303868640998295
No confounding,76,Naive regression Y~A,2.0561824543013643,2.0,0.05618245430136426,0.0031564681713248835
No confounding,76,Adjusted regression Y~A+X,1.9769930230639128,2.0,-0.02300697693608722,0.0005293209877376493
No confounding,76,IPW Hajek,1.9771467837762264,2.0,-0.022853216223773565,0.0005222694917705473
No confounding,77,Naive regression Y~A,2.0849912814704843,2.0,0.08499128147048429,0.007223517925995087
No confounding,77,Adjusted regression Y~A+X,2.0695302362004253,2.0,0.06953023620042531,0.004834453746086934
No confounding,77,IPW Hajek,2.0696031686520926,2.0,0.0696031686520926,0.004844601086411646
No confounding,78,Naive regression Y~A,1.813144794500615,2.0,-0.18685520549938506,0.03491486782221742
No confounding,78,Adjusted regression Y~A+X,1.9224878216042665,2.0,-0.07751217839573354,0.006008137799652022
No confounding,78,IPW Hajek,1.922573024122855,2.0,-0.07742697587714509,0.0059949365934800075
No confounding,79,Naive regression Y~A,1.8940807844484553,2.0,-0.10591921555154471,0.011218880223054591
No confounding,79,Adjusted regression Y~A+X,1.875421622472195,2.0,-0.1245783775278051,0.015519772147460333
No confounding,79,IPW Hajek,1.8757545425250919,2.0,-0.12424545747490812,0.015436933703149202
No confounding,80,Naive regression Y~A,1.904372585854718,2.0,-0.09562741414528197,0.009144602336113274
No confounding,80,Adjusted regression Y~A+X,1.9867069938465154,2.0,-0.01329300615348461,0.0001767040125965797
No confounding,80,IPW Hajek,1.9856549260273384,2.0,-0.014345073972661604,0.00020578114728113338
No confounding,81,Naive regression Y~A,2.108627006805587,2.0,0.10862700680558701,0.011799826607541046
No confounding,81,Adjusted regression Y~A+X,1.9601961782434516,2.0,-0.039803821756548396,0.0015843442264270756
No confounding,81,IPW Hajek,1.9630891975711902,2.0,-0.03691080242880984,0.0013624073359386345
No confounding,82,Naive regression Y~A,2.0738482224668786,2.0,0.07384822246687861,0.005453559961517595
No confounding,82,Adjusted regression Y~A+X,1.9822687921174633,2.0,-0.01773120788253668,0.00031439573297373095
No confounding,82,IPW Hajek,1.9829241489755658,2.0,-0.017075851024434208,0.0002915846882086708
No confounding,83,Naive regression Y~A,2.072558086753669,2.0,0.07255808675366904,0.0052646759533529625
No confounding,83,Adjusted regression Y~A+X,2.062159471970078,2.0,0.062159471970077984,0.0038637999555989106
No confounding,83,IPW Hajek,2.0620940721698355,2.0,0.062094072169835535,0.0038556737986327437
No confounding,84,Naive regression Y~A,1.945771049021274,2.0,-0.05422895097872593,0.0029407791242530602
No confounding,84,Adjusted regression Y~A+X,2.0474770445022337,2.0,0.04747704450223367,0.0022540697546670763
No confounding,84,IPW Hajek,2.0473910997928364,2.0,0.0473910997928364,0.0022459163395745782
No confounding,85,Naive regression Y~A,1.970386667133458,2.0,-0.029613332866541997,0.0008769494834646165
No confounding,85,Adjusted regression Y~A+X,1.9302541493242475,2.0,-0.06974585067575245,0.004864483686484359
No confounding,85,IPW Hajek,1.9302949485328078,2.0,-0.06970505146719219,0.0048587942000439125
No confounding,86,Naive regression Y~A,1.9031068772905149,2.0,-0.09689312270948514,0.009388277228395345
No confounding,86,Adjusted regression Y~A+X,1.9596148917507623,2.0,-0.04038510824923769,0.001630956968302646
No confounding,86,IPW Hajek,1.9597067457383077,2.0,-0.04029325426169228,0.0016235463389973831
No confounding,87,Naive regression Y~A,1.894031133914724,2.0,-0.105968866085276,0.01122940057939916
No confounding,87,Adjusted regression Y~A+X,2.099715155344932,2.0,0.0997151553449318,0.009943112205463882
No confounding,87,IPW Hajek,2.0917148258566085,2.0,0.0917148258566085,0.008411609281908023
No confounding,88,Naive regression Y~A,1.9707506713258254,2.0,-0.029249328674174624,0.0008555232278898939
No confounding,88,Adjusted regression Y~A+X,2.0181851624465903,2.0,0.018185162446590297,0.000330700133208878
No confounding,88,IPW Hajek,2.0182436036841924,2.0,0.018243603684192422,0.0003328290753858793
No confounding,89,Naive regression Y~A,2.0776321620501816,2.0,0.07763216205018164,0.006026752584585663
No confounding,89,Adjusted regression Y~A+X,2.0947759222548084,2.0,0.09477592225480835,0.008982475439249477
No confounding,89,IPW Hajek,2.0951675088660173,2.0,0.09516750886601733,0.009056854743763486
No confounding,90,Naive regression Y~A,1.9910288660321664,2.0,-0.008971133967833556,8.048124466881703e-05
No confounding,90,Adjusted regression Y~A+X,2.007247762985541,2.0,0.007247762985540973,5.25300682945778e-05
No confounding,90,IPW Hajek,2.0075527623772826,2.0,0.00755276237728264,5.7044219527696116e-05
No confounding,91,Naive regression Y~A,1.940295727065475,2.0,-0.05970427293452496,0.00356460020664025
No confounding,91,Adjusted regression Y~A+X,2.020552262248229,2.0,0.020552262248228814,0.0004223954835199713
No confounding,91,IPW Hajek,2.0204210355753336,2.0,0.02042103557533359,0.0004170186939690401
No confounding,92,Naive regression Y~A,2.0828101840769264,2.0,0.08281018407692642,0.0068575265868544375
No confounding,92,Adjusted regression Y~A+X,1.9522327195119138,2.0,-0.047767280488086206,0.002281713085227501
No confounding,92,IPW Hajek,1.9529728602590615,2.0,-0.04702713974093853,0.00221155187221376
No confounding,93,Naive regression Y~A,2.033320750912293,2.0,0.03332075091229303,0.0011102724413590767
No confounding,93,Adjusted regression Y~A+X,1.9588528751804257,2.0,-0.04114712481957428,0.0016930858809176255
No confounding,93,IPW Hajek,1.9587908610741342,2.0,-0.04120913892586575,0.001698193131011304
No confounding,94,Naive regression Y~A,2.053720917451976,2.0,0.053720917451975936,0.0028859369718820128
No confounding,94,Adjusted regression Y~A+X,1.989659448762096,2.0,-0.010340551237904005,0.00010692699990371806
No confounding,94,IPW Hajek,1.9906801951957904,2.0,-0.009319804804209575,8.685876158856787e-05
No confounding,95,Naive regression Y~A,2.036915346332538,2.0,0.03691534633253779,0.0013627427948512112
No confounding,95,Adjusted regression Y~A+X,2.0352909084987902,2.0,0.03529090849879024,0.0012454482226699852
No confounding,95,IPW Hajek,2.0352767673947505,2.0,0.0352767673947505,0.0012444503178233317
No confounding,96,Naive regression Y~A,2.109984509051514,2.0,0.10998450905151413,0.012096592231302595
No confounding,96,Adjusted regression Y~A+X,2.086129463164598,2.0,0.08612946316459791,0.007418284425021828
No confounding,96,IPW Hajek,2.0862812762157064,2.0,0.08628127621570636,0.007444458625411016
No confounding,97,Naive regression Y~A,2.1124309468824682,2.0,0.11243094688246824,0.012640717816888395
No confounding,97,Adjusted regression Y~A+X,2.1092091937922675,2.0,0.10920919379226746,0.011926648008757028
No confounding,97,IPW Hajek,2.1092035016671984,2.0,0.10920350166719839,0.011925404776377801
No confounding,98,Naive regression Y~A,2.1493369710920476,2.0,0.14933697109204758,0.022301530934947054
No confounding,98,Adjusted regression Y~A+X,2.0714929651238765,2.0,0.07149296512387648,0.005111244062203819
No confounding,98,IPW Hajek,2.0703474146957745,2.0,0.07034741469577455,0.004948758754379276
No confounding,99,Naive regression Y~A,1.8777105969757903,2.0,-0.12228940302420965,0.014954698092017576
No confounding,99,Adjusted regression Y~A+X,1.9844256036747594,2.0,-0.015574396325240603,0.00024256182089566798
No confounding,99,IPW Hajek,1.9829796742521502,2.0,-0.01702032574784984,0.0002896914885629202
No confounding,100,Naive regression Y~A,1.9464070763423245,2.0,-0.05359292365767554,0.0028722014661774387
No confounding,100,Adjusted regression Y~A+X,2.046631326703132,2.0,0.04663132670313219,0.0021744806300942492
No confounding,100,IPW Hajek,2.0482238190560635,2.0,0.048223819056063544,0.0023255367243519573
No confounding,101,Naive regression Y~A,2.0331254226195736,2.0,0.03312542261957363,0.0010972936237253603
No confounding,101,Adjusted regression Y~A+X,1.9303221280515501,2.0,-0.06967787194844988,0.004855005839264578
No confounding,101,IPW Hajek,1.9333976165437252,2.0,-0.06660238345627478,0.004435877482056665
No confounding,102,Naive regression Y~A,1.906715487909894,2.0,-0.09328451209010602,0.008702000195889136
No confounding,102,Adjusted regression Y~A+X,1.938475393984881,2.0,-0.06152460601511911,0.0037852771453156307
No confounding,102,IPW Hajek,1.9385225914368136,2.0,-0.0614774085631864,0.003779471763644944
No confounding,103,Naive regression Y~A,1.9426145098298804,2.0,-0.057385490170119624,0.003293094482064896
No confounding,103,Adjusted regression Y~A+X,1.9952237055547768,2.0,-0.004776294445223206,2.281298862747005e-05
No confounding,103,IPW Hajek,1.9950677971279607,2.0,-0.004932202872039326,2.432662517095298e-05
No confounding,104,Naive regression Y~A,2.011272630718365,2.0,0.01127263071836504,0.00012707220331262712
No confounding,104,Adjusted regression Y~A+X,1.9630812653670444,2.0,-0.036918734632955585,0.0013629929668985941
No confounding,104,IPW Hajek,1.9624521264862111,2.0,-0.037547873513788854,0.0014098428054074865
No confounding,105,Naive regression Y~A,1.8009884690997806,2.0,-0.1990115309002194,0.03960558943124898
No confounding,105,Adjusted regression Y~A+X,1.9062896317363083,2.0,-0.09371036826369172,0.008781633120116721
No confounding,105,IPW Hajek,1.9053589764876753,2.0,-0.09464102351232473,0.008956923331460403
No confounding,106,Naive regression Y~A,1.9319800531234606,2.0,-0.06801994687653945,0.004626713173087249
No confounding,106,Adjusted regression Y~A+X,2.017545908161457,2.0,0.017545908161456847,0.000307858893210278
No confounding,106,IPW Hajek,2.0188382199390853,2.0,0.0188382199390853,0.00035487853047335094
No confounding,107,Naive regression Y~A,2.019254740152259,2.0,0.019254740152259142,0.0003707450183310204
No confounding,107,Adjusted regression Y~A+X,2.0125212823694794,2.0,0.012521282369479358,0.00015678251217623461
No confounding,107,IPW Hajek,2.0126839348306493,2.0,0.012683934830649335,0.00016088220278815936
No confounding,108,Naive regression Y~A,1.8213672693564638,2.0,-0.17863273064353624,0.03190965245716617
No confounding,108,Adjusted regression Y~A+X,1.8931473581736868,2.0,-0.10685264182631315,0.011417487065262367
No confounding,108,IPW Hajek,1.8932304601990335,2.0,-0.10676953980096648,0.011399734629310166
No confounding,109,Naive regression Y~A,2.0462818866022734,2.0,0.04628188660227339,0.0021420130274656933
No confounding,109,Adjusted regression Y~A+X,1.9364463146803546,2.0,-0.06355368531964545,0.004039070917708517
No confounding,109,IPW Hajek,1.9373125779480047,2.0,-0.06268742205199529,0.003929712883524985
No confounding,110,Naive regression Y~A,1.9789023279139981,2.0,-0.021097672086001884,0.0004451117674484631
No confounding,110,Adjusted regression Y~A+X,1.9229856279396418,2.0,-0.07701437206035822,0.005931213503851284
No confounding,110,IPW Hajek,1.9235782874715044,2.0,-0.07642171252849561,0.005840278145788023
No confounding,111,Naive regression Y~A,1.969872524478659,2.0,-0.030127475521340985,0.0009076647812890003
No confounding,111,Adjusted regression Y~A+X,2.0023682870567283,2.0,0.002368287056728313,5.608783583066856e-06
No confounding,111,IPW Hajek,2.002720253293946,2.0,0.0027202532939458735,7.399777983223375e-06
No confounding,112,Naive regression Y~A,1.9064410267646548,2.0,-0.09355897323534523,0.008753281472852046
No confounding,112,Adjusted regression Y~A+X,1.8885920181715867,2.0,-0.11140798182841327,0.012411738415080063
No confounding,112,IPW Hajek,1.8885574812188775,2.0,-0.11144251878112255,0.012419434992280851
No confounding,113,Naive regression Y~A,2.1948892738658046,2.0,0.19488927386580457,0.03798182906794058
No confounding,113,Adjusted regression Y~A+X,2.1463377287744807,2.0,0.1463377287744807,0.021414730862873477
No confounding,113,IPW Hajek,2.1472283186038146,2.0,0.14722831860381458,0.021676177798906335
No confounding,114,Naive regression Y~A,1.9553861089111346,2.0,-0.044613891088865376,0.0019903992780891415
No confounding,114,Adjusted regression Y~A+X,1.9937439486718578,2.0,-0.00625605132814222,3.913817822035004e-05
No confounding,114,IPW Hajek,1.9933112966732731,2.0,-0.006688703326726886,4.473875219296731e-05
No confounding,115,Naive regression Y~A,1.9060818050243336,2.0,-0.09391819497566645,0.008820627347487299
No confounding,115,Adjusted regression Y~A+X,2.0612563017985543,2.0,0.06125630179855435,0.0037523345100355723
No confounding,115,IPW Hajek,2.0617503227498104,2.0,0.061750322749810405,0.0038131023597057522
No confounding,116,Naive regression Y~A,2.054383758934535,2.0,0.05438375893453484,0.002957593235849598
No confounding,116,Adjusted regression Y~A+X,2.0527900286784244,2.0,0.05279002867842442,0.0027867871278688724
No confounding,116,IPW Hajek,2.053128082916943,2.0,0.05312808291694315,0.002822593194429587
No confounding,117,Naive regression Y~A,1.868671948556914,2.0,-0.1313280514430859,0.017247057095837817
No confounding,117,Adjusted regression Y~A+X,1.9117712161580602,2.0,-0.08822878384193977,0.007784318298227733
No confounding,117,IPW Hajek,1.9120679603506892,2.0,-0.08793203964931084,0.007732043596887975
No confounding,118,Naive regression Y~A,2.136273545363075,2.0,0.1362735453630748,0.018570479165822003
No confounding,118,Adjusted regression Y~A+X,2.07657998981919,2.0,0.0765799898191899,0.005864494840707228
No confounding,118,IPW Hajek,2.0766417809075115,2.0,0.0766417809075115,0.005873962580674995
No confounding,119,Naive regression Y~A,2.017761903186079,2.0,0.017761903186078953,0.00031548520479164166
No confounding,119,Adjusted regression Y~A+X,1.9679872151229856,2.0,-0.03201278487701442,0.0010248183955820032
No confounding,119,IPW Hajek,1.9683372663537562,2.0,-0.031662733646243835,0.0010025287019529813
No confounding,120,Naive regression Y~A,1.9435935637140263,2.0,-0.05640643628597375,0.003181686054483616
No confounding,120,Adjusted regression Y~A+X,1.9848738602930154,2.0,-0.01512613970698462,0.00022880010243521678
No confounding,120,IPW Hajek,1.9851334956909787,2.0,-0.014866504309021256,0.00022101295037014757
No confounding,121,Naive regression Y~A,2.1739154047465377,2.0,0.17391540474653766,0.030246568008152015
No confounding,121,Adjusted regression Y~A+X,2.0410317659539983,2.0,0.04103176595399827,0.0016836058173036912
No confounding,121,IPW Hajek,2.0427427919088594,2.0,0.042742791908859434,0.0018269462601640594
No confounding,122,Naive regression Y~A,2.1643627105855154,2.0,0.16436271058551544,0.02701510063101791
No confounding,122,Adjusted regression Y~A+X,1.9223525267750867,2.0,-0.07764747322491328,0.0060291300982136245
No confounding,122,IPW Hajek,1.916258000303907,2.0,-0.08374199969609308,0.007012722513100454
No confounding,123,Naive regression Y~A,2.220751581217012,2.0,0.22075158121701222,0.04873126060981114
No confounding,123,Adjusted regression Y~A+X,2.18393523252757,2.0,0.18393523252757005,0.03383216976497126
No confounding,123,IPW Hajek,2.1830873445519594,2.0,0.1830873445519594,0.0335209757350879
No confounding,124,Naive regression Y~A,1.8753806240960564,2.0,-0.12461937590394356,0.01552998885068839
No confounding,124,Adjusted regression Y~A+X,1.9642850621178238,2.0,-0.03571493788217617,0.0012755567879277022
No confounding,124,IPW Hajek,1.9632677645094108,2.0,-0.03673223549058924,0.0013492571241361035
No confounding,125,Naive regression Y~A,2.0545649844801055,2.0,0.054564984480105494,0.0029773375313141533
No confounding,125,Adjusted regression Y~A+X,2.063822113804634,2.0,0.0638221138046342,0.00407326221049168
No confounding,125,IPW Hajek,2.064360514042746,2.0,0.0643605140427459,0.004142275767846492
No confounding,126,Naive regression Y~A,2.071987377871026,2.0,0.07198737787102605,0.005182182572745891
No confounding,126,Adjusted regression Y~A+X,2.1360475061263666,2.0,0.13604750612636662,0.018508923923203763
No confounding,126,IPW Hajek,2.1356615297380044,2.0,0.13566152973800438,0.018404050650855448
No confounding,127,Naive regression Y~A,1.8490352595923134,2.0,-0.1509647404076866,0.0227903528463602
No confounding,127,Adjusted regression Y~A+X,1.998995305721094,2.0,-0.0010046942789059266,1.0094105940662997e-06
No confounding,127,IPW Hajek,1.9978963204521913,2.0,-0.0021036795478086567,4.425467639868434e-06
No confounding,128,Naive regression Y~A,1.8842105367323936,2.0,-0.11578946326760642,0.013407199803800377
No confounding,128,Adjusted regression Y~A+X,1.9229362484414554,2.0,-0.07706375155854461,0.005938821804277087
No confounding,128,IPW Hajek,1.9231630371519162,2.0,-0.07683696284808383,0.005903918859717815
No confounding,129,Naive regression Y~A,2.0303170840623066,2.0,0.0303170840623066,0.0009191255860409648
No confounding,129,Adjusted regression Y~A+X,2.024780180531514,2.0,0.024780180531513984,0.0006140573471744247
No confounding,129,IPW Hajek,2.0250756026752184,2.0,0.025075602675218356,0.000628785849525418
No confounding,130,Naive regression Y~A,1.9609000350239323,2.0,-0.039099964976067714,0.0015288072611297219
No confounding,130,Adjusted regression Y~A+X,1.956093112236915,2.0,-0.043906887763085045,0.0019278147930401474
No confounding,130,IPW Hajek,1.9562488995035632,2.0,-0.04375110049643682,0.0019141587946493145
No confounding,131,Naive regression Y~A,2.1619113147565465,2.0,0.16191131475654652,0.02621527384619348
No confounding,131,Adjusted regression Y~A+X,2.023099251867944,2.0,0.023099251867944037,0.0005335754368587161
No confounding,131,IPW Hajek,2.023490699928201,2.0,0.023490699928200964,0.0005518129831167807
No confounding,132,Naive regression Y~A,1.9442538363118844,2.0,-0.05574616368811558,0.003107634765942176
No confounding,132,Adjusted regression Y~A+X,1.948171855320605,2.0,-0.051828144679394894,0.0026861565809082892
No confounding,132,IPW Hajek,1.9481188770975386,2.0,-0.051881122902461385,0.0026916509136203034
No confounding,133,Naive regression Y~A,1.8917589966010844,2.0,-0.10824100339891563,0.011716114816804063
No confounding,133,Adjusted regression Y~A+X,1.9759827415743123,2.0,-0.024017258425687693,0.0005768287022862665
No confounding,133,IPW Hajek,1.9769099207603509,2.0,-0.02309007923964912,0.0005331517592932752
No confounding,134,Naive regression Y~A,2.162059683809893,2.0,0.16205968380989288,0.026263341116562457
No confounding,134,Adjusted regression Y~A+X,2.081696331053279,2.0,0.081696331053279,0.006674290507566959
No confounding,134,IPW Hajek,2.0814880291059654,2.0,0.08148802910596542,0.006640298887574668
No confounding,135,Naive regression Y~A,1.7877898879655327,2.0,-0.21221011203446727,0.04503313164968115
No confounding,135,Adjusted regression Y~A+X,1.7918208108510665,2.0,-0.20817918914893352,0.043338574794707437
No confounding,135,IPW Hajek,1.7918080394942058,2.0,-0.20819196050579425,0.043343892419246195
No confounding,136,Naive regression Y~A,2.073610918690632,2.0,0.07361091869063197,0.005418567350478831
No confounding,136,Adjusted regression Y~A+X,1.9633167369435636,2.0,-0.03668326305643643,0.001345661788467714
No confounding,136,IPW Hajek,1.9636612766199355,2.0,-0.0363387233800645,0.0013205028168928462
No confounding,137,Naive regression Y~A,2.1434461954384303,2.0,0.1434461954384303,0.02057681098576034
No confounding,137,Adjusted regression Y~A+X,2.02622809999196,2.0,0.026228099991960185,0.0006879132291882619
No confounding,137,IPW Hajek,2.0267250068088765,2.0,0.02672500680887646,0.0007142259889344932
No confounding,138,Naive regression Y~A,2.0866338022221402,2.0,0.08663380222214023,0.00750541568746491
No confounding,138,Adjusted regression Y~A+X,2.110840252569502,2.0,0.11084025256950181,0.012285561589670951
No confounding,138,IPW Hajek,2.1102309721361814,2.0,0.11023097213618138,0.012150867218087596
No confounding,139,Naive regression Y~A,2.0090564530455874,2.0,0.009056453045587443,8.201934176693007e-05
No confounding,139,Adjusted regression Y~A+X,1.9140360247062265,2.0,-0.08596397529377353,0.007389805048308506
No confounding,139,IPW Hajek,1.9156593215612607,2.0,-0.08434067843873927,0.007113350039506819
No confounding,140,Naive regression Y~A,2.034973154610509,2.0,0.034973154610509205,0.0012231215434105813
No confounding,140,Adjusted regression Y~A+X,2.0267234165192094,2.0,0.026723416519209398,0.0007141409904591538
No confounding,140,IPW Hajek,2.0262319870049357,2.0,0.026231987004935675,0.0006881171422271141
No confounding,141,Naive regression Y~A,2.137512291107701,2.0,0.13751229110770113,0.01890963020568914
No confounding,141,Adjusted regression Y~A+X,2.0135488493434335,2.0,0.013548849343433478,0.00018357131853105778
No confounding,141,IPW Hajek,2.0146468838023486,2.0,0.014646883802348576,0.00021453120511950107
No confounding,142,Naive regression Y~A,2.069169610348461,2.0,0.06916961034846114,0.004784434995757943
No confounding,142,Adjusted regression Y~A+X,2.1023995463067946,2.0,0.1023995463067946,0.010485667083837372
No confounding,142,IPW Hajek,2.1022412593037907,2.0,0.10224125930379069,0.010453275104024965
No confounding,143,Naive regression Y~A,1.9817273775343052,2.0,-0.018272622465694832,0.0003338887317738155
No confounding,143,Adjusted regression Y~A+X,1.9362093878003095,2.0,-0.06379061219969051,0.004069242204811304
No confounding,143,IPW Hajek,1.9364147284634043,2.0,-0.06358527153659566,0.004043086756382602
No confounding,144,Naive regression Y~A,1.9104299930212445,2.0,-0.0895700069787555,0.00802278615017431
No confounding,144,Adjusted regression Y~A+X,1.9926807487074978,2.0,-0.007319251292502216,5.3571439482795356e-05
No confounding,144,IPW Hajek,1.9910991135338052,2.0,-0.008900886466194802,7.922577988408979e-05
No confounding,145,Naive regression Y~A,2.1258663388296952,2.0,0.12586633882969522,0.015842335250391644
No confounding,145,Adjusted regression Y~A+X,2.066202746091796,2.0,0.066202746091796,0.00438280359009481
No confounding,145,IPW Hajek,2.0663985182848914,2.0,0.0663985182848914,0.004408763230429058
No confounding,146,Naive regression Y~A,2.0968674719404454,2.0,0.09686747194044543,0.009383307120132982
No confounding,146,Adjusted regression Y~A+X,2.0080908278626275,2.0,0.008090827862627492,6.546149550266935e-05
No confounding,146,IPW Hajek,2.0082569285710834,2.0,0.0082569285710834,6.817686942797335e-05
No confounding,147,Naive regression Y~A,2.0657205660810676,2.0,0.06572056608106758,0.0043191928060159705
No confounding,147,Adjusted regression Y~A+X,2.075796580035971,2.0,0.07579658003597078,0.005745121545149325
No confounding,147,IPW Hajek,2.0761669384283543,2.0,0.07616693842835431,0.005801402509548717
No confounding,148,Naive regression Y~A,2.0619429220218715,2.0,0.06194292202187146,0.0038369255886076484
No confounding,148,Adjusted regression Y~A+X,2.1132151196668256,2.0,0.11321511966682563,0.012817663321173647
No confounding,148,IPW Hajek,2.112774013845499,2.0,0.1127740138454989,0.012717978198824777
No confounding,149,Naive regression Y~A,1.9038605602227994,2.0,-0.09613943977720063,0.009242791880673987
No confounding,149,Adjusted regression Y~A+X,1.9679601365208652,2.0,-0.03203986347913479,0.0010265528517615953
No confounding,149,IPW Hajek,1.968270914352765,2.0,-0.03172908564723498,0.0010067348760095726
No confounding,150,Naive regression Y~A,1.9173595187634391,2.0,-0.08264048123656087,0.006829449139010369
No confounding,150,Adjusted regression Y~A+X,1.8757909804721022,2.0,-0.12420901952789776,0.015427880532081686
No confounding,150,IPW Hajek,1.8759147063233126,2.0,-0.12408529367668741,0.015397160106829762
No confounding,151,Naive regression Y~A,1.9607882007303727,2.0,-0.03921179926962726,0.0015375652019615407
No confounding,151,Adjusted regression Y~A+X,2.027350030031864,2.0,0.02735003003186387,0.0007480241427438556
No confounding,151,IPW Hajek,2.026093910134824,2.0,0.026093910134823872,0.000680892146124264
No confounding,152,Naive regression Y~A,1.73027139783345,2.0,-0.2697286021665499,0.07275351882672096
No confounding,152,Adjusted regression Y~A+X,1.7875444173556823,2.0,-0.21245558264431774,0.04513737459673653
No confounding,152,IPW Hajek,1.78726506597958,2.0,-0.2127349340204201,0.045256152152672494
No confounding,153,Naive regression Y~A,1.8051613181235813,2.0,-0.19483868187641873,0.0379621119553403
No confounding,153,Adjusted regression Y~A+X,1.9383640738413586,2.0,-0.06163592615864144,0.0037989873934335004
No confounding,153,IPW Hajek,1.935767188044242,2.0,-0.06423281195575803,0.004125854131743771
No confounding,154,Naive regression Y~A,2.016527012562379,2.0,0.016527012562379095,0.0002731421442370364
No confounding,154,Adjusted regression Y~A+X,2.001149903570313,2.0,0.0011499035703130822,1.3222782210187735e-06
No confounding,154,IPW Hajek,2.000845030126986,2.0,0.0008450301269857796,7.140759155136028e-07
No confounding,155,Naive regression Y~A,1.7820963234317144,2.0,-0.21790367656828558,0.04748201226197601
No confounding,155,Adjusted regression Y~A+X,1.9146379118938064,2.0,-0.08536208810619361,0.007286686085849561
No confounding,155,IPW Hajek,1.9157014728205644,2.0,-0.08429852717943564,0.00710624168462205
No confounding,156,Naive regression Y~A,2.0541681952540927,2.0,0.054168195254092666,0.0029341933770855072
No confounding,156,Adjusted regression Y~A+X,1.9774502343663816,2.0,-0.022549765633618435,0.0005084919301311191
No confounding,156,IPW Hajek,1.9769430616566614,2.0,-0.02305693834333855,0.0005316224057685155
No confounding,157,Naive regression Y~A,2.016332528954915,2.0,0.016332528954915215,0.0002667515020631439
No confounding,157,Adjusted regression Y~A+X,1.9458960813124615,2.0,-0.0541039186875385,0.0029272340173477776
No confounding,157,IPW Hajek,1.945155042183026,2.0,-0.05484495781697407,0.0030079693979456652
No confounding,158,Naive regression Y~A,2.0117569632610817,2.0,0.011756963261081665,0.00013822618512242404
No confounding,158,Adjusted regression Y~A+X,2.0225603613735395,2.0,0.02256036137353945,0.0005089699053046909
No confounding,158,IPW Hajek,2.0220669017160944,2.0,0.022066901716094378,0.000486948151347769
No confounding,159,Naive regression Y~A,2.1345267430243564,2.0,0.1345267430243564,0.018097444588741227
No confounding,159,Adjusted regression Y~A+X,2.113126384688857,2.0,0.11312638468885705,0.01279757891277127
No confounding,159,IPW Hajek,2.112707929738714,2.0,0.11270792973871391,0.012703077425986871
No confounding,160,Naive regression Y~A,1.8252089501752262,2.0,-0.17479104982477378,0.03055191109884655
No confounding,160,Adjusted regression Y~A+X,2.0090728493389993,2.0,0.009072849338999323,8.231659512818045e-05
No confounding,160,IPW Hajek,2.0092109865981937,2.0,0.009210986598193749,8.484227411210485e-05
No confounding,161,Naive regression Y~A,2.0928330892461604,2.0,0.0928330892461604,0.008617982458985582
No confounding,161,Adjusted regression Y~A+X,2.11463648750711,2.0,0.1146364875071102,0.013141524267967832
No confounding,161,IPW Hajek,2.114523221843629,2.0,0.11452322184362895,0.013115568341445052
No confounding,162,Naive regression Y~A,1.8653622116632864,2.0,-0.13463778833671358,0.018127334048201688
No confounding,162,Adjusted regression Y~A+X,1.9888402068959063,2.0,-0.011159793104093652,0.00012454098212617623
No confounding,162,IPW Hajek,1.988239577229119,2.0,-0.011760422770880963,0.00013830754374985547
No confounding,163,Naive regression Y~A,2.018739250111588,2.0,0.018739250111587946,0.00035115949474464887
No confounding,163,Adjusted regression Y~A+X,2.04014705883164,2.0,0.04014705883164016,0.001611786332831176
No confounding,163,IPW Hajek,2.0397075826174538,2.0,0.039707582617453774,0.0015766921173219171
No confounding,164,Naive regression Y~A,1.9711599991360576,2.0,-0.02884000086394245,0.0008317456498322012
No confounding,164,Adjusted regression Y~A+X,2.034083600150266,2.0,0.03408360015026579,0.0011616917992031983
No confounding,164,IPW Hajek,2.0330002396488522,2.0,0.033000239648852236,0.001089015816881679
No confounding,165,Naive regression Y~A,2.0923107712997333,2.0,0.09231077129973331,0.008521278497951666
No confounding,165,Adjusted regression Y~A+X,2.0157792623488144,2.0,0.015779262348814438,0.0002489851202727129
No confounding,165,IPW Hajek,2.015878931132601,2.0,0.015878931132601082,0.00025214045391388785
No confounding,166,Naive regression Y~A,1.8974095970614484,2.0,-0.1025904029385516,0.010524790775094375
No confounding,166,Adjusted regression Y~A+X,1.9224285630528384,2.0,-0.07757143694716162,0.006017327830047471
No confounding,166,IPW Hajek,1.9225405352522016,2.0,-0.07745946474779841,0.005999968679015425
No confounding,167,Naive regression Y~A,1.8992813087211138,2.0,-0.10071869127888622,0.01014425477293159
No confounding,167,Adjusted regression Y~A+X,1.9536655810389933,2.0,-0.04633441896100665,0.0021468783804540928
No confounding,167,IPW Hajek,1.9532472132144245,2.0,-0.046752786785575484,0.0021858230722174815
No confounding,168,Naive regression Y~A,2.1799414549713227,2.0,0.17994145497132275,0.03237892721719657
No confounding,168,Adjusted regression Y~A+X,2.0319757678739285,2.0,0.03197576787392853,0.0010224497311273598
No confounding,168,IPW Hajek,2.033623359100589,2.0,0.03362335910058878,0.0011305302772071462
No confounding,169,Naive regression Y~A,1.985940129835173,2.0,-0.014059870164826904,0.00019767994905178971
No confounding,169,Adjusted regression Y~A+X,1.9992340504956863,2.0,-0.0007659495043137454,5.866786431584723e-07
No confounding,169,IPW Hajek,1.9991927917442833,2.0,-0.0008072082557166738,6.51585168097155e-07
No confounding,170,Naive regression Y~A,1.8605892832227882,2.0,-0.13941071677721184,0.019435347952335976
No confounding,170,Adjusted regression Y~A+X,2.0223543130648,2.0,0.022354313064799847,0.0004997153125990811
No confounding,170,IPW Hajek,2.0225687072584733,2.0,0.022568707258473264,0.0005093465473186637
No confounding,171,Naive regression Y~A,1.8962407776213839,2.0,-0.10375922237861612,0.010765976228615113
No confounding,171,Adjusted regression Y~A+X,1.9400350516479083,2.0,-0.05996494835209165,0.0035957950308690193
No confounding,171,IPW Hajek,1.9409887089709374,2.0,-0.05901129102906255,0.0034823324689167183
No confounding,172,Naive regression Y~A,2.046372982727907,2.0,0.04637298272790691,0.0021504535270827525
No confounding,172,Adjusted regression Y~A+X,2.1094464259863845,2.0,0.10944642598638454,0.01197852016119315
No confounding,172,IPW Hajek,2.1085090776506865,2.0,0.10850907765068651,0.011774219932602716
No confounding,173,Naive regression Y~A,1.8634481457256833,2.0,-0.1365518542743167,0.018646408905754225
No confounding,173,Adjusted regression Y~A+X,2.034015674564718,2.0,0.03401567456471799,0.0011570661160928025
No confounding,173,IPW Hajek,2.032196635861286,2.0,0.03219663586128618,0.0010366233607842594
No confounding,174,Naive regression Y~A,2.1628070126247247,2.0,0.16280701262472475,0.026506123359787283
No confounding,174,Adjusted regression Y~A+X,2.05867751649558,2.0,0.05867751649557995,0.0034430509420890574
No confounding,174,IPW Hajek,2.0601475175579034,2.0,0.060147517557903374,0.003617723868378295
No confounding,175,Naive regression Y~A,2.3701029929845228,2.0,0.37010299298452276,0.13697622541610172
No confounding,175,Adjusted regression Y~A+X,2.1348190276984655,2.0,0.13481902769846554,0.01817617022955962
No confounding,175,IPW Hajek,2.1382235255335145,2.0,0.13822352553351447,0.019105743010914125
No confounding,176,Naive regression Y~A,2.081936700537294,2.0,0.08193670053729418,0.006713622894938225
No confounding,176,Adjusted regression Y~A+X,2.016496588407791,2.0,0.016496588407791002,0.00027213742909606444
No confounding,176,IPW Hajek,2.017002710825088,2.0,0.017002710825087863,0.00028909217540156
No confounding,177,Naive regression Y~A,1.8340321249159333,2.0,-0.16596787508406674,0.02754533555992038
No confounding,177,Adjusted regression Y~A+X,2.0037721555025825,2.0,0.003772155502582475,1.4229157135663243e-05
No confounding,177,IPW Hajek,2.0042572854347247,2.0,0.0042572854347247,1.812447927271908e-05
No confounding,178,Naive regression Y~A,1.9887893437037831,2.0,-0.01121065629621687,0.00012567881459190695
No confounding,178,Adjusted regression Y~A+X,1.9594366579625708,2.0,-0.04056334203742917,0.0016453847172454687
No confounding,178,IPW Hajek,1.959569604980694,2.0,-0.0404303950193059,0.0016346168414171152
No confounding,179,Naive regression Y~A,1.9274275270595436,2.0,-0.07257247294045643,0.005266763828693281
No confounding,179,Adjusted regression Y~A+X,1.914595315265438,2.0,-0.08540468473456198,0.007293960174609923
No confounding,179,IPW Hajek,1.9145944970677509,2.0,-0.08540550293224913,0.007294099931110415
No confounding,180,Naive regression Y~A,1.8871802020436574,2.0,-0.11281979795634256,0.012728306810909957
No confounding,180,Adjusted regression Y~A+X,1.965510280156092,2.0,-0.03448971984390803,0.0011895407749112632
No confounding,180,IPW Hajek,1.9645164140298093,2.0,-0.035483585970190745,0.0012590848733039174
No confounding,181,Naive regression Y~A,2.03588479598161,2.0,0.03588479598161021,0.001287718582641788
No confounding,181,Adjusted regression Y~A+X,1.954743830657803,2.0,-0.045256169342196895,0.002048120863529602
No confounding,181,IPW Hajek,1.9553382954531828,2.0,-0.04466170454681717,0.0019946678530271896
No confounding,182,Naive regression Y~A,2.1911773249899076,2.0,0.19117732498990758,0.036548769590296744
No confounding,182,Adjusted regression Y~A+X,2.0371490982248575,2.0,0.03714909822485746,0.0013800554989201075
No confounding,182,IPW Hajek,2.033887574869346,2.0,0.033887574869345904,0.0011483677305255242
No confounding,183,Naive regression Y~A,1.6993472034211872,2.0,-0.30065279657881283,0.09039210409066101
No confounding,183,Adjusted regression Y~A+X,1.9977974518110821,2.0,-0.002202548188917852,4.851218524505311e-06
No confounding,183,IPW Hajek,1.99220642131645,2.0,-0.007793578683549907,6.07398686966835e-05
No confounding,184,Naive regression Y~A,2.1444543919195613,2.0,0.14445439191956133,0.020867071344850226
No confounding,184,Adjusted regression Y~A+X,2.1142331025351195,2.0,0.11423310253511954,0.013049201714799133
No confounding,184,IPW Hajek,2.1140327335690894,2.0,0.11403273356908938,0.013003464325238925
No confounding,185,Naive regression Y~A,1.9132907272999842,2.0,-0.08670927270001583,0.00751849797216571
No confounding,185,Adjusted regression Y~A+X,1.9452939046769153,2.0,-0.05470609532308468,0.0029927568654984273
No confounding,185,IPW Hajek,1.944987770932806,2.0,-0.05501222906719394,0.003026345346941418
No confounding,186,Naive regression Y~A,1.9671753705402661,2.0,-0.032824629459733856,0.0010774562991688278
No confounding,186,Adjusted regression Y~A+X,2.036424428490009,2.0,0.03642442849000904,0.0013267389908237824
No confounding,186,IPW Hajek,2.036492981983716,2.0,0.03649298198371609,0.001331737734063827
No confounding,187,Naive regression Y~A,2.068972922315221,2.0,0.06897292231522112,0.004757264012701527
No confounding,187,Adjusted regression Y~A+X,1.9590784062946187,2.0,-0.04092159370538129,0.0016745768313883014
No confounding,187,IPW Hajek,1.9585587804360332,2.0,-0.04144121956396685,0.0017173746789489086
No confounding,188,Naive regression Y~A,1.9592158213327435,2.0,-0.04078417866725648,0.0016633492295626982
No confounding,188,Adjusted regression Y~A+X,1.9221265995004975,2.0,-0.07787340049950253,0.006064266505355922
No confounding,188,IPW Hajek,1.9221322167506425,2.0,-0.0778677832493575,0.006063391668168921
No confounding,189,Naive regression Y~A,1.8623108138973299,2.0,-0.1376891861026701,0.018958311969615723
No confounding,189,Adjusted regression Y~A+X,2.0728626295776977,2.0,0.07286262957769774,0.005308962788976793
No confounding,189,IPW Hajek,2.0704403128634414,2.0,0.07044031286344143,0.004961837676299513
No confounding,190,Naive regression Y~A,1.830585957976389,2.0,-0.169414042023611,0.02870111763477783
No confounding,190,Adjusted regression Y~A+X,1.922100401459444,2.0,-0.07789959854055595,0.006068347452779787
No confounding,190,IPW Hajek,1.9227958171681963,2.0,-0.07720418283180375,0.00596048584672658
No confounding,191,Naive regression Y~A,2.094087768893517,2.0,0.09408776889351689,0.008852508255359845
No confounding,191,Adjusted regression Y~A+X,1.9390876382698732,2.0,-0.06091236173012682,0.003710315811541818
No confounding,191,IPW Hajek,1.941477350521223,2.0,-0.058522649478776945,0.0034249005020157916
No confounding,192,Naive regression Y~A,1.951842795284563,2.0,-0.04815720471543705,0.0023191163660045127
No confounding,192,Adjusted regression Y~A+X,2.0472015946200295,2.0,0.047201594620029486,0.0022279905346735966
No confounding,192,IPW Hajek,2.0468945844685855,2.0,0.04689458446858552,0.0021991020524813024
No confounding,193,Naive regression Y~A,2.0921235757389445,2.0,0.09212357573894447,0.00848675320692904
No confounding,193,Adjusted regression Y~A+X,1.9906725534897807,2.0,-0.009327446510219328,8.700125840100272e-05
No confounding,193,IPW Hajek,1.9902976102935483,2.0,-0.009702389706451653,9.413636601585899e-05
No confounding,194,Naive regression Y~A,2.0626943546504353,2.0,0.06269435465043527,0.003930582105034554
No confounding,194,Adjusted regression Y~A+X,1.9664657582204836,2.0,-0.03353424177951636,0.0011245453717270606
No confounding,194,IPW Hajek,1.9670505503200373,2.0,-0.03294944967996272,0.0010856662342123952
No confounding,195,Naive regression Y~A,2.0427805475877574,2.0,0.0427805475877574,0.0018301752519083755
No confounding,195,Adjusted regression Y~A+X,2.0624783760201657,2.0,0.062478376020165705,0.003903547470117217
No confounding,195,IPW Hajek,2.0635125776369923,2.0,0.06351257763699225,0.004033847518094968
No confounding,196,Naive regression Y~A,1.948478216013593,2.0,-0.051521783986407055,0.0026544942251419904
No confounding,196,Adjusted regression Y~A+X,2.0279681236817613,2.0,0.02796812368176127,0.0007822159422782956
No confounding,196,IPW Hajek,2.0276166237575355,2.0,0.027616623757535486,0.0007626779077652734
No confounding,197,Naive regression Y~A,1.9250666874445848,2.0,-0.07493331255541524,0.005615001330527552
No confounding,197,Adjusted regression Y~A+X,1.9326396629522875,2.0,-0.06736033704771249,0.004537415007181429
No confounding,197,IPW Hajek,1.9327998425135777,2.0,-0.06720015748642227,0.004515861166199955
No confounding,198,Naive regression Y~A,1.8998809810208654,2.0,-0.10011901897913456,0.010023817961344305
No confounding,198,Adjusted regression Y~A+X,1.9528266983221212,2.0,-0.04717330167787881,0.0022253203911921635
No confounding,198,IPW Hajek,1.9520693333279293,2.0,-0.04793066667207069,0.002297348807629148
No confounding,199,Naive regression Y~A,2.030394100535963,2.0,0.03039410053596292,0.0009238013473902214
No confounding,199,Adjusted regression Y~A+X,2.0554869875664137,2.0,0.05548698756641368,0.0030788057891953467
No confounding,199,IPW Hajek,2.0554133921945468,2.0,0.05541339219454677,0.003070644034506657
No confounding,200,Naive regression Y~A,1.9635708721332399,2.0,-0.036429127866760114,0.0013270813571327582
No confounding,200,Adjusted regression Y~A+X,1.946252510411189,2.0,-0.05374748958881104,0.002888792637099351
No confounding,200,IPW Hajek,1.9470597662678715,2.0,-0.05294023373212853,0.0028026683476123993
No confounding,201,Naive regression Y~A,1.8386063798818686,2.0,-0.1613936201181314,0.026047900614835712
No confounding,201,Adjusted regression Y~A+X,2.0265029333538083,2.0,0.026502933353808267,0.0007024054763564027
No confounding,201,IPW Hajek,2.0250702274143353,2.0,0.02507022741433529,0.0006285163026064887
No confounding,202,Naive regression Y~A,1.742567276863136,2.0,-0.25743272313686405,0.0662716069416613
No confounding,202,Adjusted regression Y~A+X,1.9152924664850288,2.0,-0.08470753351497118,0.007175366234189965
No confounding,202,IPW Hajek,1.9132048872686895,2.0,-0.08679511273131046,0.0075333915940408915
No confounding,203,Naive regression Y~A,2.131777480540084,2.0,0.1317774805400842,0.01736530437749227
No confounding,203,Adjusted regression Y~A+X,2.0874043233632373,2.0,0.08740432336323734,0.0076395157425853556
No confounding,203,IPW Hajek,2.0869505131609034,2.0,0.08695051316090341,0.0075603917389444365
No confounding,204,Naive regression Y~A,2.0073461412463702,2.0,0.00734614124637023,5.396579121162196e-05
No confounding,204,Adjusted regression Y~A+X,2.0854218442346406,2.0,0.08542184423464061,0.007296891472447203
No confounding,204,IPW Hajek,2.0853756835762067,2.0,0.08537568357620673,0.007289007346104576
No confounding,205,Naive regression Y~A,1.9825952076618516,2.0,-0.0174047923381484,0.0003029267963340693
No confounding,205,Adjusted regression Y~A+X,2.1653948206935163,2.0,0.1653948206935163,0.027355446712240408
No confounding,205,IPW Hajek,2.161442454140765,2.0,0.16144245414076508,0.026063665998993037
No confounding,206,Naive regression Y~A,1.827777873140831,2.0,-0.17222212685916904,0.029660460979895716
No confounding,206,Adjusted regression Y~A+X,1.9254524399729904,2.0,-0.07454756002700957,0.005557338705980595
No confounding,206,IPW Hajek,1.924127449794904,2.0,-0.07587255020509609,0.005756643874624827
No confounding,207,Naive regression Y~A,1.767451417962237,2.0,-0.23254858203776307,0.05407884300777422
No confounding,207,Adjusted regression Y~A+X,1.934657199118647,2.0,-0.06534280088135302,0.004269681627020149
No confounding,207,IPW Hajek,1.9322957658341615,2.0,-0.06770423416583848,0.004583863323982691
No confounding,208,Naive regression Y~A,2.046576777613991,2.0,0.04657677761399093,0.0021693962129031665
No confounding,208,Adjusted regression Y~A+X,1.9673700112946162,2.0,-0.032629988705383806,0.0010647161629134747
No confounding,208,IPW Hajek,1.9673113835411684,2.0,-0.03268861645883159,0.0010685456459925953
No confounding,209,Naive regression Y~A,1.9214609567070968,2.0,-0.07853904329290318,0.00616838132136452
No confounding,209,Adjusted regression Y~A+X,1.9345071058059649,2.0,-0.06549289419403515,0.004289319189911082
No confounding,209,IPW Hajek,1.9343997979486347,2.0,-0.0656002020513653,0.004303386509179952
No confounding,210,Naive regression Y~A,1.988303321505618,2.0,-0.01169667849438194,0.00013681228780093696
No confounding,210,Adjusted regression Y~A+X,2.0380258697620284,2.0,0.038025869762028375,0.001445966771158744
No confounding,210,IPW Hajek,2.0379169469475347,2.0,0.03791694694753467,0.0014376948658221585
No confounding,211,Naive regression Y~A,1.955513026351156,2.0,-0.04448697364884402,0.0019790908244329422
No confounding,211,Adjusted regression Y~A+X,1.938218459765042,2.0,-0.061781540234957966,0.00381695871380373
No confounding,211,IPW Hajek,1.9382999056914008,2.0,-0.06170009430859924,0.0038069016376900402
No confounding,212,Naive regression Y~A,2.0287940439530705,2.0,0.028794043953070503,0.000829096967171356
No confounding,212,Adjusted regression Y~A+X,2.1720855238930636,2.0,0.17208552389306364,0.029613427533550177
No confounding,212,IPW Hajek,2.170427845597973,2.0,0.17042784559797308,0.029045650555166554
No confounding,213,Naive regression Y~A,1.9092455880344934,2.0,-0.0907544119655066,0.008236363291204887
No confounding,213,Adjusted regression Y~A+X,2.0133825538440755,2.0,0.013382553844075495,0.00017909274738957983
No confounding,213,IPW Hajek,2.01432017688874,2.0,0.01432017688874021,0.00020506746612480926
No confounding,214,Naive regression Y~A,2.1827517065420055,2.0,0.18275170654200545,0.03339818624401528
No confounding,214,Adjusted regression Y~A+X,2.0918718481101033,2.0,0.0918718481101033,0.00844043647516589
No confounding,214,IPW Hajek,2.092443360785733,2.0,0.09244336078573312,0.00854577495336122
No confounding,215,Naive regression Y~A,1.9080150546326924,2.0,-0.09198494536730761,0.008461230174226566
No confounding,215,Adjusted regression Y~A+X,1.9775635830759966,2.0,-0.022436416924003444,0.0005033928043877082
No confounding,215,IPW Hajek,1.976459359813592,2.0,-0.023540640186408,0.0005541617403859273
No confounding,216,Naive regression Y~A,1.9708086061500878,2.0,-0.029191393849912206,0.0008521374749006922
No confounding,216,Adjusted regression Y~A+X,1.9424067422920581,2.0,-0.05759325770794188,0.003316983333413407
No confounding,216,IPW Hajek,1.942306537343429,2.0,-0.05769346265657105,0.003328535633305158
No confounding,217,Naive regression Y~A,2.0455655834412494,2.0,0.04556558344124939,0.0020762223943414605
No confounding,217,Adjusted regression Y~A+X,1.9849455110896186,2.0,-0.015054488910381414,0.00022663763635279697
No confounding,217,IPW Hajek,1.9849687602019375,2.0,-0.015031239798062535,0.000225938169866859
No confounding,218,Naive regression Y~A,2.102183085102211,2.0,0.10218308510221119,0.010441382881005734
No confounding,218,Adjusted regression Y~A+X,2.0655409303127072,2.0,0.06554093031270725,0.004295613546255147
No confounding,218,IPW Hajek,2.0652735783490748,2.0,0.06527357834907477,0.004260640030492802
No confounding,219,Naive regression Y~A,1.9442807234602628,2.0,-0.055719276539737184,0.0031046377781117065
No confounding,219,Adjusted regression Y~A+X,2.038212477798288,2.0,0.03821247779828818,0.0014601934594846671
No confounding,219,IPW Hajek,2.0376702227759362,2.0,0.037670222775936235,0.001419045683988665
No confounding,220,Naive regression Y~A,2.039833073585809,2.0,0.03983307358580879,0.0015866737512924577
No confounding,220,Adjusted regression Y~A+X,1.9980326870347207,2.0,-0.0019673129652792998,3.870320303356031e-06
No confounding,220,IPW Hajek,1.9974575596652457,2.0,-0.002542440334754259,6.464002855785349e-06
No confounding,221,Naive regression Y~A,1.837760451026103,2.0,-0.16223954897389703,0.026321671251253533
No confounding,221,Adjusted regression Y~A+X,1.9387786610485982,2.0,-0.061221338951401805,0.0037480523430024277
No confounding,221,IPW Hajek,1.9372494012985157,2.0,-0.06275059870148425,0.003937637637394717
No confounding,222,Naive regression Y~A,1.9521132326877382,2.0,-0.047886767312261824,0.0022931424836187073
No confounding,222,Adjusted regression Y~A+X,2.033127476299038,2.0,0.033127476299037895,0.0010974296859433174
No confounding,222,IPW Hajek,2.03347098314981,2.0,0.033470983149809896,0.001120306713014858
No confounding,223,Naive regression Y~A,2.0644479867339918,2.0,0.06444798673399177,0.004153542994064779
No confounding,223,Adjusted regression Y~A+X,2.0492756150619047,2.0,0.0492756150619047,0.002428086239729009
No confounding,223,IPW Hajek,2.048952742773059,2.0,0.048952742773058944,0.0023963710250052748
No confounding,224,Naive regression Y~A,1.9768247500177514,2.0,-0.023175249982248625,0.0005370922117397149
No confounding,224,Adjusted regression Y~A+X,2.0528443616722853,2.0,0.052844361672285345,0.0027925265605513003
No confounding,224,IPW Hajek,2.0523157143737816,2.0,0.052315714373781574,0.002736933970439096
No confounding,225,Naive regression Y~A,1.9513940377975882,2.0,-0.04860596220241176,0.0023625395616222802
No confounding,225,Adjusted regression Y~A+X,1.970090441066205,2.0,-0.02990955893379499,0.0008945817156141556
No confounding,225,IPW Hajek,1.9702358602409562,2.0,-0.029764139759043795,0.0008859040155958916
No confounding,226,Naive regression Y~A,2.204302472151975,2.0,0.20430247215197506,0.04173950012740854
No confounding,226,Adjusted regression Y~A+X,2.0508809615587977,2.0,0.05088096155879773,0.0025888722491478524
No confounding,226,IPW Hajek,2.0510904833656998,2.0,0.05109048336569977,0.0026102374905408446
No confounding,227,Naive regression Y~A,2.0548698959074314,2.0,0.05486989590743141,0.0030107054768923583
No confounding,227,Adjusted regression Y~A+X,2.020691253659816,2.0,0.020691253659816056,0.00042812797801485133
No confounding,227,IPW Hajek,2.0205922439696655,2.0,0.020592243969665525,0.00042404051170622615
No confounding,228,Naive regression Y~A,1.8522374267937411,2.0,-0.14776257320625885,0.021833778040535008
No confounding,228,Adjusted regression Y~A+X,1.833120559874678,2.0,-0.16687944012532197,0.02784874753654092
No confounding,228,IPW Hajek,1.833390411362945,2.0,-0.1666095886370551,0.027758755025808723
No confounding,229,Naive regression Y~A,2.0730827778979806,2.0,0.07308277789798057,0.005341092425285557
No confounding,229,Adjusted regression Y~A+X,1.9584435003638248,2.0,-0.04155649963617525,0.0017269426620114335
No confounding,229,IPW Hajek,1.9608481330329273,2.0,-0.039151866967072735,0.001532868687007361
No confounding,230,Naive regression Y~A,2.1165260377088964,2.0,0.11652603770889636,0.013578317464135136
No confounding,230,Adjusted regression Y~A+X,2.099855423989035,2.0,0.0998554239890348,0.009971105700029907
No confounding,230,IPW Hajek,2.099683557319165,2.0,0.09968355731916478,0.00993681159980321
No confounding,231,Naive regression Y~A,1.9140417513846066,2.0,-0.08595824861539336,0.007388820505025775
No confounding,231,Adjusted regression Y~A+X,1.8714965764662135,2.0,-0.12850342353378652,0.01651312985990372
No confounding,231,IPW Hajek,1.8716446975745822,2.0,-0.12835530242541782,0.01647508366072047
No confounding,232,Naive regression Y~A,2.0029324248134874,2.0,0.002932424813487433,8.599115286756807e-06
No confounding,232,Adjusted regression Y~A+X,1.853133561483627,2.0,-0.14686643851637293,0.02156975076248355
No confounding,232,IPW Hajek,1.853444715771805,2.0,-0.14655528422819497,0.021478451335207014
No confounding,233,Naive regression Y~A,2.096865996592016,2.0,0.09686599659201578,0.009383021295764413
No confounding,233,Adjusted regression Y~A+X,2.0747913030289,2.0,0.07479130302890002,0.00559373900876075
No confounding,233,IPW Hajek,2.075145950694151,2.0,0.07514595069415098,0.00564691390572777
No confounding,234,Naive regression Y~A,1.883622822289134,2.0,-0.11637717771086598,0.01354364749194648
No confounding,234,Adjusted regression Y~A+X,1.959856325930508,2.0,-0.04014367406949204,0.0016115145677976076
No confounding,234,IPW Hajek,1.9602229442595713,2.0,-0.03977705574042867,0.0015822141633771692
No confounding,235,Naive regression Y~A,1.8051388782685502,2.0,-0.19486112173144976,0.03797085676243888
No confounding,235,Adjusted regression Y~A+X,2.009382296227859,2.0,0.009382296227859133,8.802748250729972e-05
No confounding,235,IPW Hajek,2.00828631263652,2.0,0.0082863126365198,6.86629771101477e-05
No confounding,236,Naive regression Y~A,2.2215250839665077,2.0,0.22152508396650772,0.049073362826368296
No confounding,236,Adjusted regression Y~A+X,2.042216388753807,2.0,0.04221638875380718,0.001782223479412577
No confounding,236,IPW Hajek,2.039293355331514,2.0,0.03929335533151379,0.0015439677732086033
No confounding,237,Naive regression Y~A,2.155780996242915,2.0,0.15578099624291486,0.024267718790435055
No confounding,237,Adjusted regression Y~A+X,2.0139222272742288,2.0,0.01392222727422876,0.00019382841227527916
No confounding,237,IPW Hajek,2.0139842742644687,2.0,0.013984274264468688,0.00019555992670388126
No confounding,238,Naive regression Y~A,2.3173624760283524,2.0,0.31736247602835244,0.10071894119084658
No confounding,238,Adjusted regression Y~A+X,2.180467597227475,2.0,0.18046759722747518,0.03256855364905821
No confounding,238,IPW Hajek,2.1832356157390884,2.0,0.18323561573908842,0.03357529087528287
No confounding,239,Naive regression Y~A,1.923835525338178,2.0,-0.07616447466182197,0.0058010272005113205
No confounding,239,Adjusted regression Y~A+X,1.9195482289629668,2.0,-0.08045177103703316,0.006472487462995207
No confounding,239,IPW Hajek,1.9191949916285322,2.0,-0.08080500837146776,0.006529449377912974
No confounding,240,Naive regression Y~A,2.133712948057017,2.0,0.13371294805701694,0.01787915247809851
No confounding,240,Adjusted regression Y~A+X,2.0287239103111787,2.0,0.028723910311178713,0.0008250630235646388
No confounding,240,IPW Hajek,2.028725584581702,2.0,0.028725584581701824,0.0008251592095605056
No confounding,241,Naive regression Y~A,2.1914181534332697,2.0,0.19141815343326973,0.036640909463802794
No confounding,241,Adjusted regression Y~A+X,2.1073302290989044,2.0,0.10733022909890444,0.011519778078423313
No confounding,241,IPW Hajek,2.106433551524635,2.0,0.10643355152463485,0.0113281008901471
No confounding,242,Naive regression Y~A,1.8227093452407355,2.0,-0.17729065475926453,0.03143197626496873
No confounding,242,Adjusted regression Y~A+X,2.0329724249225163,2.0,0.032972424922516286,0.001087180805270973
No confounding,242,IPW Hajek,2.032067686483224,2.0,0.03206768648322411,0.0010283365163863544
No confounding,243,Naive regression Y~A,2.262558617833109,2.0,0.26255861783310896,0.06893702779843257
No confounding,243,Adjusted regression Y~A+X,2.033766800456796,2.0,0.03376680045679592,0.001140196813089073
No confounding,243,IPW Hajek,2.0328833922812093,2.0,0.03288339228120929,0.0010813174879198946
No confounding,244,Naive regression Y~A,1.9337184767178077,2.0,-0.06628152328219228,0.004393240328607797
No confounding,244,Adjusted regression Y~A+X,1.8972796835817802,2.0,-0.10272031641821977,0.01055146340505919
No confounding,244,IPW Hajek,1.8972701083451702,2.0,-0.10272989165482982,0.010553430639413074
No confounding,245,Naive regression Y~A,1.9625303251875068,2.0,-0.03746967481249319,0.0014039765305539867
No confounding,245,Adjusted regression Y~A+X,1.9869412835788682,2.0,-0.013058716421131766,0.00017053007456753645
No confounding,245,IPW Hajek,1.9870411465702398,2.0,-0.01295885342976022,0.00016793188221400822
No confounding,246,Naive regression Y~A,1.9100806359360492,2.0,-0.08991936406395085,0.008085492033665334
No confounding,246,Adjusted regression Y~A+X,1.9678284402846908,2.0,-0.03217155971530916,0.0010350092545157034
No confounding,246,IPW Hajek,1.968262077063094,2.0,-0.031737922936905916,0.0010072957523489785
No confounding,247,Naive regression Y~A,2.1180667954568015,2.0,0.11806679545680154,0.013939768189438213
No confounding,247,Adjusted regression Y~A+X,2.103059762974518,2.0,0.1030597629745178,0.010621314744363789
No confounding,247,IPW Hajek,2.103111290060383,2.0,0.103111290060383,0.010631938137916437
No confounding,248,Naive regression Y~A,1.9831665212676586,2.0,-0.016833478732341423,0.000283366006232191
No confounding,248,Adjusted regression Y~A+X,1.9477058202238529,2.0,-0.05229417977614714,0.0027346812384599966
No confounding,248,IPW Hajek,1.948116018443347,2.0,-0.05188398155665297,0.0026919475421711054
No confounding,249,Naive regression Y~A,1.9378025025155425,2.0,-0.062197497484457465,0.0038685286933290925
No confounding,249,Adjusted regression Y~A+X,1.8929056446772794,2.0,-0.1070943553227206,0.011469200941989135
No confounding,249,IPW Hajek,1.893839521959384,2.0,-0.10616047804061601,0.011270047097812114
No confounding,250,Naive regression Y~A,1.8938676949074396,2.0,-0.10613230509256044,0.01126406618426033
No confounding,250,Adjusted regression Y~A+X,1.8976292641761736,2.0,-0.10237073582382639,0.010479767553111651
No confounding,250,IPW Hajek,1.897646571427618,2.0,-0.10235342857238194,0.010476224340521692
No confounding,251,Naive regression Y~A,2.0355884335898518,2.0,0.03558843358985175,0.0012665366053792885
No confounding,251,Adjusted regression Y~A+X,1.9816431186362522,2.0,-0.0183568813637478,0.00033697509340271134
No confounding,251,IPW Hajek,1.982342244538049,2.0,-0.01765775546195103,0.00031179632795406146
No confounding,252,Naive regression Y~A,1.9859798677391438,2.0,-0.014020132260856188,0.00019656410861190046
No confounding,252,Adjusted regression Y~A+X,2.067547092144668,2.0,0.06754709214466814,0.004562609657200289
No confounding,252,IPW Hajek,2.0682988516308,2.0,0.06829885163080007,0.004664733134086042
No confounding,253,Naive regression Y~A,1.9274687111110698,2.0,-0.07253128888893023,0.005260787867889454
No confounding,253,Adjusted regression Y~A+X,1.924243203582475,2.0,-0.07575679641752497,0.005739092203446324
No confounding,253,IPW Hajek,1.923960373576999,2.0,-0.076039626423001,0.005782024786549551
No confounding,254,Naive regression Y~A,1.9260118080108455,2.0,-0.07398819198915452,0.005474252553823989
No confounding,254,Adjusted regression Y~A+X,1.9730292983014595,2.0,-0.026970701698540545,0.0007274187501116579
No confounding,254,IPW Hajek,1.9732297309189974,2.0,-0.02677026908100255,0.0007166473066692812
No confounding,255,Naive regression Y~A,1.8605033127363015,2.0,-0.13949668726369846,0.01945932575754609
No confounding,255,Adjusted regression Y~A+X,1.9558819211041512,2.0,-0.044118078895848845,0.0019464048854603432
No confounding,255,IPW Hajek,1.9556786317461337,2.0,-0.044321368253866344,0.0019643836838948315
No confounding,256,Naive regression Y~A,1.9782678670271596,2.0,-0.02173213297284038,0.000472285603549216
No confounding,256,Adjusted regression Y~A+X,1.9352975759705542,2.0,-0.06470242402944582,0.004186403675286207
No confounding,256,IPW Hajek,1.9346954642094205,2.0,-0.06530453579057949,0.0042646823948230776
No confounding,257,Naive regression Y~A,1.9582500943993326,2.0,-0.04174990560066738,0.0017430546176646375
No confounding,257,Adjusted regression Y~A+X,2.0317309095299882,2.0,0.03173090952998825,0.0010068506196002991
No confounding,257,IPW Hajek,2.031361369241544,2.0,0.03136136924154398,0.0009835354807044608
No confounding,258,Naive regression Y~A,2.0985917750489618,2.0,0.09859177504896177,0.009720338107305082
No confounding,258,Adjusted regression Y~A+X,2.0547820476438123,2.0,0.05478204764381234,0.003001072744048925
No confounding,258,IPW Hajek,2.054583998256193,2.0,0.05458399825619287,0.002979412865632066
No confounding,259,Naive regression Y~A,1.9930784417485012,2.0,-0.006921558251498761,4.790796862889058e-05
No confounding,259,Adjusted regression Y~A+X,2.0392132479485965,2.0,0.039213247948596486,0.0015376788146781064
No confounding,259,IPW Hajek,2.0394726603855786,2.0,0.03947266038557862,0.0015580909179152274
No confounding,260,Naive regression Y~A,1.9212137687952218,2.0,-0.07878623120477823,0.006207270227452772
No confounding,260,Adjusted regression Y~A+X,1.94696337431336,2.0,-0.053036625686639916,0.002812883664224753
No confounding,260,IPW Hajek,1.9463454984473605,2.0,-0.05365450155263951,0.0028788055368621957
No confounding,261,Naive regression Y~A,2.06101051100076,2.0,0.06101051100075994,0.0037222824525738494
No confounding,261,Adjusted regression Y~A+X,1.9878126064278732,2.0,-0.012187393572126837,0.00014853256208191855
No confounding,261,IPW Hajek,1.987097305321254,2.0,-0.012902694678746052,0.00016647952997294167
No confounding,262,Naive regression Y~A,1.970353795741124,2.0,-0.029646204258876097,0.0008788974269590032
No confounding,262,Adjusted regression Y~A+X,1.988958625090847,2.0,-0.011041374909152912,0.00012191195988447149
No confounding,262,IPW Hajek,1.9886682680364314,2.0,-0.011331731963568625,0.00012840814929416286
No confounding,263,Naive regression Y~A,1.9746426521552802,2.0,-0.02535734784471977,0.0006429950897181143
No confounding,263,Adjusted regression Y~A+X,1.968221828094772,2.0,-0.031778171905227914,0.0010098522096382168
No confounding,263,IPW Hajek,1.9678806343845698,2.0,-0.03211936561543016,0.0010316536475376773
No confounding,264,Naive regression Y~A,1.9118101199047184,2.0,-0.08818988009528161,0.007777454951220148
No confounding,264,Adjusted regression Y~A+X,1.9735659588369945,2.0,-0.026434041163005517,0.0006987585322074701
No confounding,264,IPW Hajek,1.9732914070408745,2.0,-0.026708592959125532,0.00071334893785625
No confounding,265,Naive regression Y~A,1.9983147224121909,2.0,-0.0016852775878091197,2.840160547971725e-06
No confounding,265,Adjusted regression Y~A+X,1.9995155188185485,2.0,-0.00048448118145150154,2.3472201518064275e-07
No confounding,265,IPW Hajek,1.9996699772443045,2.0,-0.00033002275569549155,1.089150192768461e-07
No confounding,266,Naive regression Y~A,1.817496793451991,2.0,-0.182503206548009,0.03330742040030524
No confounding,266,Adjusted regression Y~A+X,1.935130256265818,2.0,-0.06486974373418208,0.004208083652138456
No confounding,266,IPW Hajek,1.9324655119783056,2.0,-0.06753448802169437,0.0045609070723523805
No confounding,267,Naive regression Y~A,1.8866505721950224,2.0,-0.11334942780497759,0.012848092783715827
No confounding,267,Adjusted regression Y~A+X,1.9523498879347567,2.0,-0.04765011206524328,0.002270533179830243
No confounding,267,IPW Hajek,1.9526602502627486,2.0,-0.04733974973725141,0.0022410519051855953
No confounding,268,Naive regression Y~A,1.9945596921736952,2.0,-0.00544030782630478,2.959694924495304e-05
No confounding,268,Adjusted regression Y~A+X,2.022911050960477,2.0,0.022911050960476853,0.0005249162561135674
No confounding,268,IPW Hajek,2.023603037050134,2.0,0.023603037050134112,0.0005571033579900036
No confounding,269,Naive regression Y~A,2.1389913741978304,2.0,0.13899137419783036,0.019318602101401305
No confounding,269,Adjusted regression Y~A+X,1.9909324369466765,2.0,-0.009067563053323457,8.222069972599662e-05
No confounding,269,IPW Hajek,1.9915355919602853,2.0,-0.00846440803971471,7.164620346278702e-05
No confounding,270,Naive regression Y~A,1.9693517503326161,2.0,-0.030648249667383887,0.0009393152076742965
No confounding,270,Adjusted regression Y~A+X,2.0275482697944534,2.0,0.02754826979445335,0.0007589071686679909
No confounding,270,IPW Hajek,2.0273821159421237,2.0,0.027382115942123697,0.0007497802734679047
No confounding,271,Naive regression Y~A,2.175666295245567,2.0,0.1756662952455672,0.030858647285302788
No confounding,271,Adjusted regression Y~A+X,2.086431792713963,2.0,0.08643179271396306,0.007470454791749478
No confounding,271,IPW Hajek,2.087605466738233,2.0,0.08760546673823288,0.007674717802423629
No confounding,272,Naive regression Y~A,1.8955798335793768,2.0,-0.10442016642062324,0.010903571155310652
No confounding,272,Adjusted regression Y~A+X,1.9445986777664175,2.0,-0.05540132223358252,0.0030693065052292447
No confounding,272,IPW Hajek,1.944439170096746,2.0,-0.05556082990325395,0.003087005819538318
No confounding,273,Naive regression Y~A,2.147484965636087,2.0,0.14748496563608704,0.021751815088677774
No confounding,273,Adjusted regression Y~A+X,2.0232836219288046,2.0,0.02328362192880462,0.0005421270501235115
No confounding,273,IPW Hajek,2.0238295603640615,2.0,0.023829560364061475,0.0005678479471444497
No confounding,274,Naive regression Y~A,1.8793247317038912,2.0,-0.12067526829610875,0.01456252037833783
No confounding,274,Adjusted regression Y~A+X,1.9174621381295893,2.0,-0.08253786187041068,0.006812498642138993
No confounding,274,IPW Hajek,1.9177747829806129,2.0,-0.08222521701938712,0.006760986313885309
No confounding,275,Naive regression Y~A,1.9837096373796375,2.0,-0.016290362620362542,0.00026537591430290513
No confounding,275,Adjusted regression Y~A+X,2.012565519899605,2.0,0.012565519899605082,0.0001578922903473713
No confounding,275,IPW Hajek,2.0126576578700828,2.0,0.012657657870082772,0.00016021630275606834
No confounding,276,Naive regression Y~A,1.8328005949611097,2.0,-0.1671994050388903,0.027955641045358897
No confounding,276,Adjusted regression Y~A+X,1.994590676579127,2.0,-0.005409323420872969,2.926077987160484e-05
No confounding,276,IPW Hajek,1.9945051068951738,2.0,-0.005494893104826204,3.019385023346656e-05
No confounding,277,Naive regression Y~A,2.011850792953516,2.0,0.011850792953516098,0.0001404412936271068
No confounding,277,Adjusted regression Y~A+X,1.9390297090799362,2.0,-0.060970290920063785,0.0037173763748772123
No confounding,277,IPW Hajek,1.9396022913206679,2.0,-0.06039770867933214,0.003647883213713473
No confounding,278,Naive regression Y~A,1.893560266582411,2.0,-0.10643973341758906,0.011329416850007424
No confounding,278,Adjusted regression Y~A+X,1.9416958569967735,2.0,-0.058304143003226505,0.003399373091340686
No confounding,278,IPW Hajek,1.9413245978914273,2.0,-0.058675402108572694,0.003442802812602697
No confounding,279,Naive regression Y~A,1.9224336188013342,2.0,-0.07756638119866577,0.00601654349225673
No confounding,279,Adjusted regression Y~A+X,2.0428779611353636,2.0,0.042877961135363574,0.001838519551125749
No confounding,279,IPW Hajek,2.0434746810190885,2.0,0.04347468101908847,0.001890047889711491
No confounding,280,Naive regression Y~A,2.184344316538868,2.0,0.18434431653886785,0.03398282704018231
No confounding,280,Adjusted regression Y~A+X,1.9822565639761796,2.0,-0.017743436023820447,0.00031482952193140915
No confounding,280,IPW Hajek,1.984859766641362,2.0,-0.0151402333586379,0.00022922666615401188
No confounding,281,Naive regression Y~A,2.1149791022396083,2.0,0.11497910223960828,0.013220193951826293
No confounding,281,Adjusted regression Y~A+X,2.0519274129192864,2.0,0.051927412919286375,0.0026964562124900697
No confounding,281,IPW Hajek,2.0524271755191545,2.0,0.052427175519154545,0.0027486087329162377
No confounding,282,Naive regression Y~A,2.046357638047922,2.0,0.046357638047922034,0.0021490306053821486
No confounding,282,Adjusted regression Y~A+X,2.0675335326808058,2.0,0.06753353268080575,0.004560778036349459
No confounding,282,IPW Hajek,2.0681919057583267,2.0,0.06819190575832668,0.004650136010952507
No confounding,283,Naive regression Y~A,1.9463824951673225,2.0,-0.053617504832677465,0.0028748368244821913
No confounding,283,Adjusted regression Y~A+X,1.987709603015591,2.0,-0.012290396984409035,0.00015105385803437072
No confounding,283,IPW Hajek,1.9878814239744287,2.0,-0.012118576025571315,0.00014685988488755185
No confounding,284,Naive regression Y~A,2.146319585678186,2.0,0.14631958567818604,0.021409421153036023
No confounding,284,Adjusted regression Y~A+X,2.0803935726470475,2.0,0.0803935726470475,0.006463126522956103
No confounding,284,IPW Hajek,2.079632680082775,2.0,0.07963268008277513,0.006341363737165611
No confounding,285,Naive regression Y~A,2.120419450225365,2.0,0.12041945022536504,0.01450084399257917
No confounding,285,Adjusted regression Y~A+X,1.9656332806232815,2.0,-0.034366719376718535,0.0011810714007181211
No confounding,285,IPW Hajek,1.9632275805048505,2.0,-0.03677241949514953,0.0013522108355272535
No confounding,286,Naive regression Y~A,2.09368646369571,2.0,0.09368646369571021,0.008777153479807627
No confounding,286,Adjusted regression Y~A+X,2.024211878806699,2.0,0.024211878806699172,0.0005862150753502885
No confounding,286,IPW Hajek,2.0244135528654486,2.0,0.02441355286544855,0.0005960215635140511
No confounding,287,Naive regression Y~A,2.1034504710555755,2.0,0.10345047105557548,0.010701999961620459
No confounding,287,Adjusted regression Y~A+X,1.9902122672577334,2.0,-0.00978773274226663,9.579971223403825e-05
No confounding,287,IPW Hajek,1.9921442659940296,2.0,-0.007855734005970394,6.171255677255965e-05
No confounding,288,Naive regression Y~A,2.049298332247908,2.0,0.04929833224790814,0.0024303255624251396
No confounding,288,Adjusted regression Y~A+X,2.0401008211637826,2.0,0.04010082116378255,0.0016080758580096705
No confounding,288,IPW Hajek,2.0396880759357994,2.0,0.03968807593579937,0.0015751433714857772
No confounding,289,Naive regression Y~A,1.8877359744385769,2.0,-0.11226402556142312,0.012603211435255864
No confounding,289,Adjusted regression Y~A+X,1.8754755858481367,2.0,-0.12452441415186333,0.01550632971986478
No confounding,289,IPW Hajek,1.8754351876727617,2.0,-0.12456481232723826,0.015516392470120089
No confounding,290,Naive regression Y~A,2.1232631859553344,2.0,0.12326318595533436,0.015193813011859339
No confounding,290,Adjusted regression Y~A+X,2.05870531679779,2.0,0.05870531679779001,0.0034463142203288856
No confounding,290,IPW Hajek,2.0584796539456978,2.0,0.05847965394569776,0.003419869925608564
No confounding,291,Naive regression Y~A,2.1634848836216976,2.0,0.16348488362169755,0.026727307172799992
No confounding,291,Adjusted regression Y~A+X,2.071980509890716,2.0,0.0719805098907158,0.005181193804127435
No confounding,291,IPW Hajek,2.071462575481053,2.0,0.07146257548105295,0.00510689969438519
No confounding,292,Naive regression Y~A,1.956145078395501,2.0,-0.043854921604499,0.001923254148936753
No confounding,292,Adjusted regression Y~A+X,1.8806010041528924,2.0,-0.11939899584710756,0.014256120209297608
No confounding,292,IPW Hajek,1.8809296333006713,2.0,-0.11907036669932869,0.014177752225912603
No confounding,293,Naive regression Y~A,2.125886494873433,2.0,0.12588649487343284,0.015847409591518834
No confounding,293,Adjusted regression Y~A+X,2.069425122071905,2.0,0.06942512207190488,0.004819847574698894
No confounding,293,IPW Hajek,2.0711801276651913,2.0,0.07118012766519133,0.005066610574432936
No confounding,294,Naive regression Y~A,1.9138658938482926,2.0,-0.08613410615170736,0.007419084242553591
No confounding,294,Adjusted regression Y~A+X,1.8909176246149033,2.0,-0.10908237538509669,0.011898964619655148
No confounding,294,IPW Hajek,1.890805498610018,2.0,-0.10919450138998199,0.011923439133806779
No confounding,295,Naive regression Y~A,1.8546408218811643,2.0,-0.1453591781188357,0.021129290663383402
No confounding,295,Adjusted regression Y~A+X,1.928362160306284,2.0,-0.07163783969371607,0.005131980075982561
No confounding,295,IPW Hajek,1.9278309248967664,2.0,-0.07216907510323356,0.005208375401256166
No confounding,296,Naive regression Y~A,1.8734878690043506,2.0,-0.1265121309956494,0.016005319289060353
No confounding,296,Adjusted regression Y~A+X,2.031412681705933,2.0,0.03141268170593303,0.0009867565719582597
No confounding,296,IPW Hajek,2.0284603399374825,2.0,0.028460339937482537,0.0008099909493570635
No confounding,297,Naive regression Y~A,1.9943721082942885,2.0,-0.005627891705711541,3.167316505121675e-05
No confounding,297,Adjusted regression Y~A+X,2.0385475503495085,2.0,0.03854755034950852,0.0014859136379478943
No confounding,297,IPW Hajek,2.0380266122501625,2.0,0.03802661225016246,0.0014460232392242058
No confounding,298,Naive regression Y~A,2.0051478516103742,2.0,0.005147851610374232,2.6500376202432576e-05
No confounding,298,Adjusted regression Y~A+X,1.993724555648082,2.0,-0.006275444351917958,3.9381201814019e-05
No confounding,298,IPW Hajek,1.9936576435588749,2.0,-0.00634235644112513,4.0225485226281425e-05
No confounding,299,Naive regression Y~A,1.7641641352321156,2.0,-0.23583586476788443,0.05561855511081587
No confounding,299,Adjusted regression Y~A+X,1.8049515360380184,2.0,-0.1950484639619816,0.03804390329392844
No confounding,299,IPW Hajek,1.8047991252056788,2.0,-0.19520087479432124,0.03810338152046828
Moderate confounding,0,Naive regression Y~A,3.4487223003062226,2.0,1.4487223003062226,2.098796303404553
Moderate confounding,0,Adjusted regression Y~A+X,1.967449396847486,2.0,-0.03255060315251401,0.001059541765592455
Moderate confounding,0,IPW Hajek,1.9547694666722724,2.0,-0.04523053332772764,0.0020458011451106807
Moderate confounding,1,Naive regression Y~A,3.526651276118441,2.0,1.5266512761184412,2.330664118874065
Moderate confounding,1,Adjusted regression Y~A+X,1.9698445476089188,2.0,-0.030155452391081194,0.0009093513089107646
Moderate confounding,1,IPW Hajek,2.034534433567078,2.0,0.03453443356707808,0.0011926271017989295
Moderate confounding,2,Naive regression Y~A,3.191853885764275,2.0,1.1918538857642749,1.4205156850114011
Moderate confounding,2,Adjusted regression Y~A+X,1.9078418068491867,2.0,-0.0921581931508133,0.008493132564822613
Moderate confounding,2,IPW Hajek,1.9200995724794776,2.0,-0.0799004275205224,0.006384078317962253
Moderate confounding,3,Naive regression Y~A,3.5419736860901563,2.0,1.5419736860901563,2.3776828485944637
Moderate confounding,3,Adjusted regression Y~A+X,2.019662600883983,2.0,0.01966260088398286,0.0003866178735228036
Moderate confounding,3,IPW Hajek,2.0198066631897347,2.0,0.019806663189734675,0.00039230390671159056
Moderate confounding,4,Naive regression Y~A,3.492349593063746,2.0,1.492349593063746,2.2271073079175285
Moderate confounding,4,Adjusted regression Y~A+X,2.0313984070977114,2.0,0.031398407097711356,0.0009858599682736108
Moderate confounding,4,IPW Hajek,2.1506974725241195,2.0,0.15069747252411947,0.02270972822515774
Moderate confounding,5,Naive regression Y~A,3.44644621967634,2.0,1.4464462196763401,2.0922066664159753
Moderate confounding,5,Adjusted regression Y~A+X,1.9780488672995538,2.0,-0.02195113270044624,0.0004818522268326003
Moderate confounding,5,IPW Hajek,2.0501938503852455,2.0,0.050193850385245486,0.0025194226164964085
Moderate confounding,6,Naive regression Y~A,3.5212560563898454,2.0,1.5212560563898454,2.3142199891027846
Moderate confounding,6,Adjusted regression Y~A+X,2.08335132956027,2.0,0.08335132956027014,0.006947444139464762
Moderate confounding,6,IPW Hajek,2.1417666884421114,2.0,0.14176668844211138,0.020097793951842677
Moderate confounding,7,Naive regression Y~A,3.415273267148193,2.0,1.415273267148193,2.00299842070432
Moderate confounding,7,Adjusted regression Y~A+X,1.959352401507376,2.0,-0.040647598492624004,0.0016522272632175693
Moderate confounding,7,IPW Hajek,1.8918342047934666,2.0,-0.10816579520653335,0.011699839252661715
Moderate confounding,8,Naive regression Y~A,3.4989300265226695,2.0,1.4989300265226695,2.2467912244112505
Moderate confounding,8,Adjusted regression Y~A+X,1.9294399096652683,2.0,-0.07056009033473165,0.004978726348045491
Moderate confounding,8,IPW Hajek,2.0316951227830984,2.0,0.031695122783098384,0.0010045808082356823
Moderate confounding,9,Naive regression Y~A,3.574012741231158,2.0,1.574012741231158,2.4775161095580245
Moderate confounding,9,Adjusted regression Y~A+X,2.072217023669256,2.0,0.07221702366925609,0.005215298507645894
Moderate confounding,9,IPW Hajek,1.9279576751695982,2.0,-0.07204232483040185,0.005190096566969135
Moderate confounding,10,Naive regression Y~A,3.379475493808625,2.0,1.3794754938086249,1.9029526380185495
Moderate confounding,10,Adjusted regression Y~A+X,2.065705451440094,2.0,0.0657054514400941,0.004317206348946564
Moderate confounding,10,IPW Hajek,2.112296720901149,2.0,0.11229672090114917,0.012610553525150593
Moderate confounding,11,Naive regression Y~A,3.5585002936155528,2.0,1.5585002936155528,2.4289231651997643
Moderate confounding,11,Adjusted regression Y~A+X,2.0154695645172955,2.0,0.015469564517295531,0.00023930742635476892
Moderate confounding,11,IPW Hajek,1.9550658381650747,2.0,-0.04493416183492527,0.0020190788998072544
Moderate confounding,12,Naive regression Y~A,3.3745423690114364,2.0,1.3745423690114364,1.889366724207572
Moderate confounding,12,Adjusted regression Y~A+X,2.0138512815198726,2.0,0.013851281519872582,0.00019185799974276373
Moderate confounding,12,IPW Hajek,2.0841668931350066,2.0,0.08416689313500658,0.007084065899999618
Moderate confounding,13,Naive regression Y~A,3.463378743538837,2.0,1.4633787435388368,2.1414773470413047
Moderate confounding,13,Adjusted regression Y~A+X,1.9713019708920796,2.0,-0.02869802910792041,0.0008235768746790471
Moderate confounding,13,IPW Hajek,1.7513187417425562,2.0,-0.2486812582574438,0.061842368208505465
Moderate confounding,14,Naive regression Y~A,3.457536650770098,2.0,1.457536650770098,2.1244130883381147
Moderate confounding,14,Adjusted regression Y~A+X,2.0349416543749594,2.0,0.03494165437495944,0.0012209192104591223
Moderate confounding,14,IPW Hajek,2.1566376619382552,2.0,0.15663766193825523,0.024535357137483133
Moderate confounding,15,Naive regression Y~A,3.5594676750145533,2.0,1.5594676750145533,2.4319394294152965
Moderate confounding,15,Adjusted regression Y~A+X,2.0438286334334386,2.0,0.04382863343343857,0.001920949108642729
Moderate confounding,15,IPW Hajek,2.0419964163744564,2.0,0.04199641637445639,0.001763698988296709
Moderate confounding,16,Naive regression Y~A,3.461195551642055,2.0,1.4611955516420552,2.13509244013853
Moderate confounding,16,Adjusted regression Y~A+X,1.963476270006292,2.0,-0.03652372999370801,0.0013339828526532861
Moderate confounding,16,IPW Hajek,1.9539528544010871,2.0,-0.046047145598912875,0.0021203396178074816
Moderate confounding,17,Naive regression Y~A,3.426268707045545,2.0,1.426268707045545,2.034242424697371
Moderate confounding,17,Adjusted regression Y~A+X,1.8484758466999482,2.0,-0.15152415330005176,0.022959569033297586
Moderate confounding,17,IPW Hajek,2.01929216593115,2.0,0.019292165931149796,0.0003721876663150169
Moderate confounding,18,Naive regression Y~A,3.315430638903616,2.0,1.315430638903616,1.7303577657663751
Moderate confounding,18,Adjusted regression Y~A+X,1.9024382668961166,2.0,-0.09756173310388339,0.009518291766233375
Moderate confounding,18,IPW Hajek,1.753290976416852,2.0,-0.24670902358314795,0.060865342317350246
Moderate confounding,19,Naive regression Y~A,3.5082102468773364,2.0,1.5082102468773364,2.274698148785796
Moderate confounding,19,Adjusted regression Y~A+X,2.1420844913237387,2.0,0.14208449132373868,0.020188002674725574
Moderate confounding,19,IPW Hajek,2.253187144518939,2.0,0.2531871445189391,0.06410373014965415
Moderate confounding,20,Naive regression Y~A,3.4986995979993707,2.0,1.4986995979993707,2.2461004850434754
Moderate confounding,20,Adjusted regression Y~A+X,2.1377685890670635,2.0,0.13776858906706346,0.0189801841335294
Moderate confounding,20,IPW Hajek,2.249149631151375,2.0,0.24914963115137478,0.062075538702866105
Moderate confounding,21,Naive regression Y~A,3.3492610950341035,2.0,1.3492610950341035,1.8205055025726282
Moderate confounding,21,Adjusted regression Y~A+X,1.915434014003108,2.0,-0.08456598599689191,0.007151405987626519
Moderate confounding,21,IPW Hajek,1.994004054206478,2.0,-0.005995945793521917,3.5951365958853175e-05
Moderate confounding,22,Naive regression Y~A,3.3404723334649713,2.0,1.3404723334649713,1.7968660767850253
Moderate confounding,22,Adjusted regression Y~A+X,1.8609246965179833,2.0,-0.1390753034820167,0.019341940038615044
Moderate confounding,22,IPW Hajek,1.927520069864278,2.0,-0.07247993013572196,0.005253340272479136
Moderate confounding,23,Naive regression Y~A,3.3550394770039524,2.0,1.3550394770039524,1.836131984239145
Moderate confounding,23,Adjusted regression Y~A+X,2.0026470564163716,2.0,0.0026470564163716404,7.006907671454271e-06
Moderate confounding,23,IPW Hajek,2.0671621410013676,2.0,0.06716214100136764,0.004510753183887588
Moderate confounding,24,Naive regression Y~A,3.460822282306663,2.0,1.4608222823066628,2.1340017404836473
Moderate confounding,24,Adjusted regression Y~A+X,2.0596337120285284,2.0,0.05963371202852841,0.0035561796103014535
Moderate confounding,24,IPW Hajek,2.0798560098861696,2.0,0.07985600988616959,0.006376982314940015
Moderate confounding,25,Naive regression Y~A,3.569739476420096,2.0,1.569739476420096,2.4640820238316374
Moderate confounding,25,Adjusted regression Y~A+X,2.1043176084090636,2.0,0.10431760840906357,0.01088216342418673
Moderate confounding,25,IPW Hajek,2.335704474425124,2.0,0.33570447442512386,0.11269749414904863
Moderate confounding,26,Naive regression Y~A,3.555931942706516,2.0,1.5559319427065161,2.4209242103344732
Moderate confounding,26,Adjusted regression Y~A+X,1.972559586400577,2.0,-0.027440413599423064,0.0007529762985074022
Moderate confounding,26,IPW Hajek,1.9750920564613799,2.0,-0.024907943538620136,0.0006204056513230887
Moderate confounding,27,Naive regression Y~A,3.3308460112302183,2.0,1.3308460112302183,1.7711511056073823
Moderate confounding,27,Adjusted regression Y~A+X,1.863914136712659,2.0,-0.13608586328734096,0.018519362186660854
Moderate confounding,27,IPW Hajek,1.9303127137156653,2.0,-0.06968728628433474,0.004856317869674828
Moderate confounding,28,Naive regression Y~A,3.468865019856462,2.0,1.468865019856462,2.1575644465579242
Moderate confounding,28,Adjusted regression Y~A+X,1.9426195177507612,2.0,-0.05738048224923875,0.0032925197431552034
Moderate confounding,28,IPW Hajek,2.058655498390146,2.0,0.058655498390145944,0.0034404674913964136
Moderate confounding,29,Naive regression Y~A,3.5627878695803314,2.0,1.5627878695803314,2.442305925307431
Moderate confounding,29,Adjusted regression Y~A+X,2.017848238507944,2.0,0.017848238507943925,0.0003185596178364524
Moderate confounding,29,IPW Hajek,2.1354796346038354,2.0,0.13547963460383539,0.01835473139238875
Moderate confounding,30,Naive regression Y~A,3.5376623384045263,2.0,1.5376623384045263,2.3644054669476757
Moderate confounding,30,Adjusted regression Y~A+X,2.0931786020287375,2.0,0.09317860202873751,0.008682251876029846
Moderate confounding,30,IPW Hajek,2.0927029342261982,2.0,0.09270293422619824,0.008593834014146838
Moderate confounding,31,Naive regression Y~A,3.3847553682757168,2.0,1.3847553682757168,1.9175474299684159
Moderate confounding,31,Adjusted regression Y~A+X,2.041281136802896,2.0,0.0412811368028958,0.001704132255739398
Moderate confounding,31,IPW Hajek,2.076469112176385,2.0,0.07646911217638497,0.005847525117044548
Moderate confounding,32,Naive regression Y~A,3.402578887790696,2.0,1.4025788877906962,1.9672275364761862
Moderate confounding,32,Adjusted regression Y~A+X,2.006363954031098,2.0,0.006363954031098018,4.049991090992872e-05
Moderate confounding,32,IPW Hajek,2.0707770262594423,2.0,0.07077702625944227,0.00500938744612978
Moderate confounding,33,Naive regression Y~A,3.4086695872642276,2.0,1.4086695872642276,1.9843500060831694
Moderate confounding,33,Adjusted regression Y~A+X,2.02424020831206,2.0,0.024240208312059863,0.0005875876990120561
Moderate confounding,33,IPW Hajek,1.9970749992959722,2.0,-0.0029250007040277914,8.555629118563075e-06
Moderate confounding,34,Naive regression Y~A,3.4647020003869518,2.0,1.4647020003869518,2.145351949937538
Moderate confounding,34,Adjusted regression Y~A+X,2.015180574623821,2.0,0.015180574623820942,0.00023044984590939632
Moderate confounding,34,IPW Hajek,2.0252555554389096,2.0,0.02525555543890956,0.0006378430805278343
Moderate confounding,35,Naive regression Y~A,3.4850669406509995,2.0,1.4850669406509995,2.2054238182145194
Moderate confounding,35,Adjusted regression Y~A+X,1.961287998104293,2.0,-0.038712001895707004,0.0014986190907732228
Moderate confounding,35,IPW Hajek,1.9461204745108511,2.0,-0.05387952548914887,0.002903003266935843
Moderate confounding,36,Naive regression Y~A,3.316003502179236,2.0,1.3160035021792358,1.7318652177480138
Moderate confounding,36,Adjusted regression Y~A+X,1.9645558112052113,2.0,-0.03544418879478872,0.0012562905193206264
Moderate confounding,36,IPW Hajek,1.9952005708510383,2.0,-0.004799429148961698,2.303452015590321e-05
Moderate confounding,37,Naive regression Y~A,3.578534403617066,2.0,1.5785344036170659,2.4917708634026856
Moderate confounding,37,Adjusted regression Y~A+X,2.155596002844825,2.0,0.1555960028448249,0.024210116101286754
Moderate confounding,37,IPW Hajek,2.164357531091457,2.0,0.1643575310914569,0.027013398026479223
Moderate confounding,38,Naive regression Y~A,3.522620835524836,2.0,1.5226208355248358,2.3183742087743493
Moderate confounding,38,Adjusted regression Y~A+X,2.0106038487156916,2.0,0.010603848715691644,0.00011244160758527532
Moderate confounding,38,IPW Hajek,2.0037578844358563,2.0,0.00375788443585634,1.4121695433251324e-05
Moderate confounding,39,Naive regression Y~A,3.427570865221509,2.0,1.4275708652215089,2.0379585752292875
Moderate confounding,39,Adjusted regression Y~A+X,1.8778798461472344,2.0,-0.12212015385276564,0.014913331977023152
Moderate confounding,39,IPW Hajek,2.034902156882701,2.0,0.03490215688270082,0.00121816055506466
Moderate confounding,40,Naive regression Y~A,3.605395623794154,2.0,1.6053956237941538,2.5772951088974203
Moderate confounding,40,Adjusted regression Y~A+X,1.9959480374173257,2.0,-0.004051962582674262,1.6418400771392277e-05
Moderate confounding,40,IPW Hajek,2.1192548799734663,2.0,0.11925487997346629,0.01422172639748585
Moderate confounding,41,Naive regression Y~A,3.519925233049429,2.0,1.5199252330494288,2.3101727140603607
Moderate confounding,41,Adjusted regression Y~A+X,2.0122597927879253,2.0,0.012259792787925328,0.00015030251920286587
Moderate confounding,41,IPW Hajek,2.152862754179017,2.0,0.15286275417901685,0.023367021615194532
Moderate confounding,42,Naive regression Y~A,3.3539679432247747,2.0,1.3539679432247747,1.8332291912803267
Moderate confounding,42,Adjusted regression Y~A+X,1.937031996788454,2.0,-0.06296800321154605,0.003964969428449274
Moderate confounding,42,IPW Hajek,1.901677861898663,2.0,-0.09832213810133705,0.009667242840818395
Moderate confounding,43,Naive regression Y~A,3.416631000363704,2.0,1.416631000363704,2.0068433911914685
Moderate confounding,43,Adjusted regression Y~A+X,1.8949034629796389,2.0,-0.10509653702036115,0.011045282093672141
Moderate confounding,43,IPW Hajek,1.6537141783737654,2.0,-0.34628582162623456,0.11991387025935633
Moderate confounding,44,Naive regression Y~A,3.492964834195145,2.0,1.4929648341951451,2.2289439961433373
Moderate confounding,44,Adjusted regression Y~A+X,1.8901792590690436,2.0,-0.1098207409309564,0.012060595138624241
Moderate confounding,44,IPW Hajek,2.019590704404538,2.0,0.019590704404537806,0.000383795699065977
Moderate confounding,45,Naive regression Y~A,3.5522092717165084,2.0,1.5522092717165084,2.4093536232026933
Moderate confounding,45,Adjusted regression Y~A+X,2.015079749940595,2.0,0.015079749940595022,0.00022739885827087556
Moderate confounding,45,IPW Hajek,2.010489189914811,2.0,0.010489189914811181,0.00011002310506897659
Moderate confounding,46,Naive regression Y~A,3.4977030468695145,2.0,1.4977030468695145,2.243114416602227
Moderate confounding,46,Adjusted regression Y~A+X,2.0585978118631156,2.0,0.058597811863115634,0.0034337035551450954
Moderate confounding,46,IPW Hajek,2.007462299566137,2.0,0.007462299566137087,5.568591481476976e-05
Moderate confounding,47,Naive regression Y~A,3.5601764428877036,2.0,1.5601764428877036,2.434150532941728
Moderate confounding,47,Adjusted regression Y~A+X,2.033118749577988,2.0,0.033118749577988105,0.0010968515736094872
Moderate confounding,47,IPW Hajek,1.9713772276464745,2.0,-0.028622772353525505,0.000819263097201744
Moderate confounding,48,Naive regression Y~A,3.4758755169049342,2.0,1.4758755169049342,2.178208541399407
Moderate confounding,48,Adjusted regression Y~A+X,2.107458037190898,2.0,0.10745803719089819,0.01154722975692046
Moderate confounding,48,IPW Hajek,2.2223791266696455,2.0,0.22237912666964554,0.04945247597835426
Moderate confounding,49,Naive regression Y~A,3.4810552566019726,2.0,1.4810552566019726,2.193524673108335
Moderate confounding,49,Adjusted regression Y~A+X,1.939041130945492,2.0,-0.06095886905450798,0.003715983716404651
Moderate confounding,49,IPW Hajek,1.8052540909804362,2.0,-0.1947459090195638,0.037925969079856216
Moderate confounding,50,Naive regression Y~A,3.62519144294043,2.0,1.6251914429404302,2.6412472262067976
Moderate confounding,50,Adjusted regression Y~A+X,1.9759478738394354,2.0,-0.024052126160564624,0.0005785047728437172
Moderate confounding,50,IPW Hajek,2.003348103301071,2.0,0.003348103301071159,1.1209795714643594e-05
Moderate confounding,51,Naive regression Y~A,3.5444671382415707,2.0,1.5444671382415707,2.385378741108107
Moderate confounding,51,Adjusted regression Y~A+X,2.0229768985585572,2.0,0.022976898558557224,0.000527937867370229
Moderate confounding,51,IPW Hajek,2.167136335955424,2.0,0.1671363359554241,0.02793455479660439
Moderate confounding,52,Naive regression Y~A,3.6159094294617273,2.0,1.6159094294617273,2.611163284223325
Moderate confounding,52,Adjusted regression Y~A+X,2.086932482565463,2.0,0.08693248256546315,0.007557256524994555
Moderate confounding,52,IPW Hajek,2.128955565576052,2.0,0.12895556557605214,0.016629537893039486
Moderate confounding,53,Naive regression Y~A,3.4995709198322884,2.0,1.4995709198322884,2.2487129436066557
Moderate confounding,53,Adjusted regression Y~A+X,2.050064154796722,2.0,0.050064154796721994,0.002506419595510142
Moderate confounding,53,IPW Hajek,2.1407242058953972,2.0,0.14072420589539725,0.01980330212489016
Moderate confounding,54,Naive regression Y~A,3.526513942460685,2.0,1.526513942460685,2.330244816526864
Moderate confounding,54,Adjusted regression Y~A+X,2.0338825325002685,2.0,0.033882532500268514,0.0011480260086317521
Moderate confounding,54,IPW Hajek,2.0562821226661754,2.0,0.05628212266617538,0.0031676773318104127
Moderate confounding,55,Naive regression Y~A,3.4511558356328025,2.0,1.4511558356328025,2.105853259291137
Moderate confounding,55,Adjusted regression Y~A+X,1.9701848246816833,2.0,-0.029815175318316678,0.0008889446792619601
Moderate confounding,55,IPW Hajek,1.847863095046827,2.0,-0.1521369049531729,0.023145637848730763
Moderate confounding,56,Naive regression Y~A,3.4627808033042875,2.0,1.4627808033042875,2.139727678515537
Moderate confounding,56,Adjusted regression Y~A+X,2.0301907440132823,2.0,0.030190744013282256,0.0009114810240755383
Moderate confounding,56,IPW Hajek,2.1420059815957355,2.0,0.14200598159573552,0.020165698808968374
Moderate confounding,57,Naive regression Y~A,3.4211813360841328,2.0,1.4211813360841328,2.019756390033881
Moderate confounding,57,Adjusted regression Y~A+X,1.994829713360055,2.0,-0.00517028663994501,2.6731863939193858e-05
Moderate confounding,57,IPW Hajek,1.831718571117507,2.0,-0.16828142888249298,0.02831863930673354
Moderate confounding,58,Naive regression Y~A,3.4833795511027668,2.0,1.4833795511027668,2.200414892629846
Moderate confounding,58,Adjusted regression Y~A+X,2.0566933898862128,2.0,0.05669338988621275,0.0032141404567901303
Moderate confounding,58,IPW Hajek,2.117814921895704,2.0,0.11781492189570386,0.013880355821290801
Moderate confounding,59,Naive regression Y~A,3.5311047657421923,2.0,1.5311047657421923,2.3442818036784536
Moderate confounding,59,Adjusted regression Y~A+X,2.020066752547615,2.0,0.020066752547614808,0.0004026745578072054
Moderate confounding,59,IPW Hajek,1.308183490637821,2.0,-0.6918165093621791,0.47861008262607
Moderate confounding,60,Naive regression Y~A,3.4923891400509723,2.0,1.4923891400509723,2.227225345342081
Moderate confounding,60,Adjusted regression Y~A+X,2.0449910740798285,2.0,0.0449910740798285,0.0020241967468566154
Moderate confounding,60,IPW Hajek,2.1353257164108532,2.0,0.13532571641085323,0.01831304952211067
Moderate confounding,61,Naive regression Y~A,3.534680410840105,2.0,1.5346804108401049,2.355243963416353
Moderate confounding,61,Adjusted regression Y~A+X,2.0676918905113544,2.0,0.06769189051135438,0.004582192041001189
Moderate confounding,61,IPW Hajek,2.0536552887770165,2.0,0.05365528877701653,0.002878890013745036
Moderate confounding,62,Naive regression Y~A,3.373373310194119,2.0,1.3733733101941188,1.8861542491535512
Moderate confounding,62,Adjusted regression Y~A+X,1.9814088132200183,2.0,-0.018591186779981728,0.00034563222588816734
Moderate confounding,62,IPW Hajek,2.179223417517627,2.0,0.17922341751762705,0.03212103338669767
Moderate confounding,63,Naive regression Y~A,3.2680810676567673,2.0,1.2680810676567673,1.6080295941495268
Moderate confounding,63,Adjusted regression Y~A+X,1.9740148475391048,2.0,-0.025985152460895167,0.0006752281484159661
Moderate confounding,63,IPW Hajek,2.0751232719490798,2.0,0.07512327194907975,0.005643505988335393
Moderate confounding,64,Naive regression Y~A,3.570259457972169,2.0,1.5702594579721691,2.4657147653510503
Moderate confounding,64,Adjusted regression Y~A+X,1.9817379883658433,2.0,-0.01826201163415675,0.0003335010689260765
Moderate confounding,64,IPW Hajek,1.7829321201651531,2.0,-0.21706787983484688,0.047118464455995525
Moderate confounding,65,Naive regression Y~A,3.5179998261436216,2.0,1.5179998261436216,2.3043234721720656
Moderate confounding,65,Adjusted regression Y~A+X,1.9433198824639852,2.0,-0.05668011753601476,0.003212635723896448
Moderate confounding,65,IPW Hajek,2.199539995869622,2.0,0.199539995869622,0.03981620995164877
Moderate confounding,66,Naive regression Y~A,3.4325389970145554,2.0,1.4325389970145554,2.0521679779674686
Moderate confounding,66,Adjusted regression Y~A+X,1.9719391994321611,2.0,-0.028060800567838884,0.000787408528508027
Moderate confounding,66,IPW Hajek,2.079657108873275,2.0,0.07965710887327493,0.006345254994048775
Moderate confounding,67,Naive regression Y~A,3.2604586835081077,2.0,1.2604586835081077,1.588756092830992
Moderate confounding,67,Adjusted regression Y~A+X,1.974492921993443,2.0,-0.025507078006556938,0.0006506110284325807
Moderate confounding,67,IPW Hajek,2.026137200283357,2.0,0.026137200283356865,0.0006831532386523102
Moderate confounding,68,Naive regression Y~A,3.379450186675385,2.0,1.3794501866753852,1.902882817518755
Moderate confounding,68,Adjusted regression Y~A+X,2.0005628091994327,2.0,0.0005628091994327455,3.1675419496612794e-07
Moderate confounding,68,IPW Hajek,2.118586276886065,2.0,0.11858627688606482,0.014062705065698433
Moderate confounding,69,Naive regression Y~A,3.529053674932548,2.0,1.5290536749325478,2.3380051408247295
Moderate confounding,69,Adjusted regression Y~A+X,2.0489960037588375,2.0,0.0489960037588375,0.0024006083843360186
Moderate confounding,69,IPW Hajek,1.9871325131500368,2.0,-0.012867486849963194,0.00016557221783397574
Moderate confounding,70,Naive regression Y~A,3.436211863608603,2.0,1.436211863608603,2.0627045171700966
Moderate confounding,70,Adjusted regression Y~A+X,1.857506036058282,2.0,-0.14249396394171798,0.020304529759823626
Moderate confounding,70,IPW Hajek,1.752004335191661,2.0,-0.247995664808339,0.061501849763730035
Moderate confounding,71,Naive regression Y~A,3.371337599290151,2.0,1.3713375992901509,1.8805668112268743
Moderate confounding,71,Adjusted regression Y~A+X,1.9130725678262124,2.0,-0.08692743217378762,0.007556378464328447
Moderate confounding,71,IPW Hajek,1.95607911527373,2.0,-0.04392088472626998,0.0019290441151382958
Moderate confounding,72,Naive regression Y~A,3.461368244646053,2.0,1.461368244646053,2.135597146459886
Moderate confounding,72,Adjusted regression Y~A+X,1.984154304602412,2.0,-0.015845695397588067,0.00025108606263314365
Moderate confounding,72,IPW Hajek,2.034073325313005,2.0,0.03407332531300522,0.0011609914978858824
Moderate confounding,73,Naive regression Y~A,3.3694645160880228,2.0,1.3694645160880228,1.8754330608242025
Moderate confounding,73,Adjusted regression Y~A+X,1.908374364401914,2.0,-0.09162563559808601,0.008395257098753247
Moderate confounding,73,IPW Hajek,2.0505200854230288,2.0,0.05052008542302877,0.0025522790311501243
Moderate confounding,74,Naive regression Y~A,3.518678049004915,2.0,1.5186780490049152,2.3063830165293755
Moderate confounding,74,Adjusted regression Y~A+X,2.071930441326881,2.0,0.07193044132688087,0.005173988389479851
Moderate confounding,74,IPW Hajek,1.699313832090309,2.0,-0.30068616790969105,0.09041217157221491
Moderate confounding,75,Naive regression Y~A,3.45083205645037,2.0,1.4508320564503698,2.104913656024009
Moderate confounding,75,Adjusted regression Y~A+X,2.013375783728577,2.0,0.013375783728577062,0.00017891159035366688
Moderate confounding,75,IPW Hajek,2.0328988229850076,2.0,0.03289882298500757,0.0010823325537988623
Moderate confounding,76,Naive regression Y~A,3.572318101950723,2.0,1.572318101950723,2.4721842137219245
Moderate confounding,76,Adjusted regression Y~A+X,2.0566434870173125,2.0,0.05664348701731248,0.003208484621480447
Moderate confounding,76,IPW Hajek,2.167054083339171,2.0,0.16705408333917093,0.02790706676029067
Moderate confounding,77,Naive regression Y~A,3.352547619708165,2.0,1.3525476197081652,1.8293850635782234
Moderate confounding,77,Adjusted regression Y~A+X,2.0210588172821597,2.0,0.021058817282159747,0.00044347378532339003
Moderate confounding,77,IPW Hajek,2.0370167967997994,2.0,0.03701679679979941,0.00137024324531764
Moderate confounding,78,Naive regression Y~A,3.370525284416631,2.0,1.370525284416631,1.878339555225287
Moderate confounding,78,Adjusted regression Y~A+X,2.0582953119030085,2.0,0.05829531190300852,0.0033983433898690466
Moderate confounding,78,IPW Hajek,2.1076489527535567,2.0,0.10764895275355668,0.011588297028937478
Moderate confounding,79,Naive regression Y~A,3.571061050053985,2.0,1.5710610500539852,2.4682328229967307
Moderate confounding,79,Adjusted regression Y~A+X,2.0139691381530858,2.0,0.013969138153085758,0.0001951368207399962
Moderate confounding,79,IPW Hajek,2.2156911137858484,2.0,0.21569111378584838,0.04652265656617979
Moderate confounding,80,Naive regression Y~A,3.4040143288174236,2.0,1.4040143288174236,1.9712562355246406
Moderate confounding,80,Adjusted regression Y~A+X,1.9018166677178001,2.0,-0.09818333228219989,0.009639966738036874
Moderate confounding,80,IPW Hajek,2.06996589345549,2.0,0.06996589345548987,0.00489522624702496
Moderate confounding,81,Naive regression Y~A,3.4745650196665574,2.0,1.4745650196665574,2.174341997224235
Moderate confounding,81,Adjusted regression Y~A+X,1.9823655961676778,2.0,-0.017634403832322176,0.00031097219852141905
Moderate confounding,81,IPW Hajek,2.144538161092815,2.0,0.14453816109281492,0.020891280012092516
Moderate confounding,82,Naive regression Y~A,3.4057292470246034,2.0,1.4057292470246034,1.9760747159403587
Moderate confounding,82,Adjusted regression Y~A+X,2.0316515044971353,2.0,0.031651504497135274,0.0010018177369321745
Moderate confounding,82,IPW Hajek,2.1415033487180244,2.0,0.1415033487180244,0.020023197698414815
Moderate confounding,83,Naive regression Y~A,3.3854616398084794,2.0,1.3854616398084794,1.9195039553808007
Moderate confounding,83,Adjusted regression Y~A+X,1.9314603778659771,2.0,-0.06853962213402287,0.004697679802274638
Moderate confounding,83,IPW Hajek,2.058563441726028,2.0,0.05856344172602812,0.0034296767067978915
Moderate confounding,84,Naive regression Y~A,3.410084187749434,2.0,1.4100841877494341,1.9883374165409813
Moderate confounding,84,Adjusted regression Y~A+X,1.9645808517369818,2.0,-0.035419148263018174,0.0012545160636776634
Moderate confounding,84,IPW Hajek,1.8840351915158264,2.0,-0.11596480848417356,0.013447836806771054
Moderate confounding,85,Naive regression Y~A,3.521087684761148,2.0,1.5210876847611479,2.3137077447320293
Moderate confounding,85,Adjusted regression Y~A+X,1.9957327032436696,2.0,-0.004267296756330419,1.8209821606588114e-05
Moderate confounding,85,IPW Hajek,1.6382434299894844,2.0,-0.36175657001051564,0.1308678159457731
Moderate confounding,86,Naive regression Y~A,3.4953289921246626,2.0,1.4953289921246626,2.2360087946885594
Moderate confounding,86,Adjusted regression Y~A+X,1.9410222415878453,2.0,-0.05897775841215469,0.0034783759873224834
Moderate confounding,86,IPW Hajek,1.9543047092714985,2.0,-0.045695290728501536,0.0020880595947622787
Moderate confounding,87,Naive regression Y~A,3.6619309051209816,2.0,1.6619309051209816,2.762014333396245
Moderate confounding,87,Adjusted regression Y~A+X,2.0575273074943556,2.0,0.05752730749435564,0.0033093911075501464
Moderate confounding,87,IPW Hajek,2.0791070133769125,2.0,0.0791070133769125,0.006257919565415014
Moderate confounding,88,Naive regression Y~A,3.505215754028516,2.0,1.5052157540285158,2.2656744661756334
Moderate confounding,88,Adjusted regression Y~A+X,1.9318698181849778,2.0,-0.06813018181502217,0.004641721674147978
Moderate confounding,88,IPW Hajek,1.8386865077062229,2.0,-0.16131349229377712,0.02602204279601449
Moderate confounding,89,Naive regression Y~A,3.4160304984057115,2.0,1.4160304984057115,2.005142372415128
Moderate confounding,89,Adjusted regression Y~A+X,2.0091635605660927,2.0,0.009163560566092688,8.397084224844895e-05
Moderate confounding,89,IPW Hajek,2.0120991873940035,2.0,0.012099187394003508,0.0001463903355952134
Moderate confounding,90,Naive regression Y~A,3.4875563051839342,2.0,1.4875563051839342,2.212823761092478
Moderate confounding,90,Adjusted regression Y~A+X,2.0149620755726687,2.0,0.01496207557266871,0.00022386370544224968
Moderate confounding,90,IPW Hajek,2.0203907812917907,2.0,0.020390781291790727,0.0004157839616896427
Moderate confounding,91,Naive regression Y~A,3.3673540124217736,2.0,1.3673540124217736,1.8696569952859237
Moderate confounding,91,Adjusted regression Y~A+X,2.0118260124333074,2.0,0.011826012433307387,0.0001398545700727409
Moderate confounding,91,IPW Hajek,2.0432466150534045,2.0,0.04324661505340455,0.0018702697135773569
Moderate confounding,92,Naive regression Y~A,3.483622026224132,2.0,1.4836220262241322,2.2011343166973996
Moderate confounding,92,Adjusted regression Y~A+X,2.0268404276156047,2.0,0.02684042761560468,0.0007204085545885143
Moderate confounding,92,IPW Hajek,2.042383877336065,2.0,0.04238387733606519,0.0017963930580386204
Moderate confounding,93,Naive regression Y~A,3.346245157461798,2.0,1.346245157461798,1.8123760239893412
Moderate confounding,93,Adjusted regression Y~A+X,2.0031685477130927,2.0,0.0031685477130927175,1.003969461014509e-05
Moderate confounding,93,IPW Hajek,2.069927957851072,2.0,0.06992795785107209,0.004889919289221314
Moderate confounding,94,Naive regression Y~A,3.4428255239850634,2.0,1.4428255239850634,2.0817454926627725
Moderate confounding,94,Adjusted regression Y~A+X,2.027093430075585,2.0,0.02709343007558518,0.0007340539532606235
Moderate confounding,94,IPW Hajek,2.1218370458458375,2.0,0.12183704584583754,0.01484426574044072
Moderate confounding,95,Naive regression Y~A,3.5624935014795818,2.0,1.5624935014795818,2.441385942165924
Moderate confounding,95,Adjusted regression Y~A+X,2.0724204620460576,2.0,0.07242046204605757,0.005244723322964464
Moderate confounding,95,IPW Hajek,2.0468909173546055,2.0,0.04689091735460549,0.002198758130356442
Moderate confounding,96,Naive regression Y~A,3.371457851643493,2.0,1.371457851643493,1.8808966388345851
Moderate confounding,96,Adjusted regression Y~A+X,2.003438262285087,2.0,0.003438262285087035,1.1821647541051918e-05
Moderate confounding,96,IPW Hajek,1.988444224787925,2.0,-0.011555775212074959,0.00013353594075200605
Moderate confounding,97,Naive regression Y~A,3.454316567272551,2.0,1.454316567272551,2.1150366778434164
Moderate confounding,97,Adjusted regression Y~A+X,2.0016324452415875,2.0,0.0016324452415874546,2.6648774667815233e-06
Moderate confounding,97,IPW Hajek,1.9468092031226045,2.0,-0.053190796877395474,0.002829260872452344
Moderate confounding,98,Naive regression Y~A,3.704577426230944,2.0,1.7045774262309439,2.905584202016109
Moderate confounding,98,Adjusted regression Y~A+X,2.212130173785027,2.0,0.21213017378502697,0.04499921063006574
Moderate confounding,98,IPW Hajek,2.222228430871203,2.0,0.22222843087120303,0.049385475487477064
Moderate confounding,99,Naive regression Y~A,3.3787305053501564,2.0,1.3787305053501564,1.9008978063830977
Moderate confounding,99,Adjusted regression Y~A+X,2.0557135173582086,2.0,0.05571351735820862,0.0031039960164234133
Moderate confounding,99,IPW Hajek,2.134137016447267,2.0,0.13413701644726705,0.017992739181374392
Moderate confounding,100,Naive regression Y~A,3.4472628177703144,2.0,1.4472628177703144,2.0945696637004705
Moderate confounding,100,Adjusted regression Y~A+X,2.02334053271669,2.0,0.02334053271669001,0.0005447804674988768
Moderate confounding,100,IPW Hajek,1.8371001092974053,2.0,-0.1628998907025947,0.026536374390917297
Moderate confounding,101,Naive regression Y~A,3.419492293247733,2.0,1.4194922932477332,2.0149583705897087
Moderate confounding,101,Adjusted regression Y~A+X,2.0244025764285536,2.0,0.02440257642855359,0.0005954857363513993
Moderate confounding,101,IPW Hajek,2.1713660004481725,2.0,0.17136600044817252,0.029366306109603064
Moderate confounding,102,Naive regression Y~A,3.461397675055728,2.0,1.461397675055728,2.1356831646582872
Moderate confounding,102,Adjusted regression Y~A+X,2.005693651609823,2.0,0.005693651609822936,3.2417668654039315e-05
Moderate confounding,102,IPW Hajek,2.1881446605400985,2.0,0.18814466054009849,0.035398413289748895
Moderate confounding,103,Naive regression Y~A,3.5131311417292848,2.0,1.5131311417292848,2.289565852070969
Moderate confounding,103,Adjusted regression Y~A+X,2.074686149302823,2.0,0.0746861493028228,0.005578020897683539
Moderate confounding,103,IPW Hajek,2.1948421755490313,2.0,0.19484217554903127,0.03796347337267952
Moderate confounding,104,Naive regression Y~A,3.4455336402164574,2.0,1.4455336402164574,2.0895675049974423
Moderate confounding,104,Adjusted regression Y~A+X,1.9181343164692022,2.0,-0.08186568353079782,0.006701990139964741
Moderate confounding,104,IPW Hajek,1.7018342152826658,2.0,-0.29816578471733424,0.0889028351761037
Moderate confounding,105,Naive regression Y~A,3.6117613994567423,2.0,1.6117613994567423,2.5977748087787567
Moderate confounding,105,Adjusted regression Y~A+X,2.068223267204013,2.0,0.06822326720401284,0.004654414187990134
Moderate confounding,105,IPW Hajek,2.209871267942621,2.0,0.20987126794262112,0.044045949107843464
Moderate confounding,106,Naive regression Y~A,3.6883038559618893,2.0,1.6883038559618893,2.8503699100557838
Moderate confounding,106,Adjusted regression Y~A+X,2.07549107543166,2.0,0.07549107543166,0.005698902469828581
Moderate confounding,106,IPW Hajek,2.0774751870386243,2.0,0.07747518703862433,0.006002404606669823
Moderate confounding,107,Naive regression Y~A,3.5467706597639648,2.0,1.5467706597639648,2.3924994739066507
Moderate confounding,107,Adjusted regression Y~A+X,1.9461583280191324,2.0,-0.053841671980867645,0.002898925641695348
Moderate confounding,107,IPW Hajek,1.7860499452184988,2.0,-0.2139500547815012,0.04577462594100736
Moderate confounding,108,Naive regression Y~A,3.460360390718155,2.0,1.4603603907181548,2.1326524707784817
Moderate confounding,108,Adjusted regression Y~A+X,1.9764485552951323,2.0,-0.023551444704867697,0.0005546705476864406
Moderate confounding,108,IPW Hajek,2.0329456063503604,2.0,0.03294560635036037,0.0010854129777929055
Moderate confounding,109,Naive regression Y~A,3.344834476305047,2.0,1.344834476305047,1.8085797686586702
Moderate confounding,109,Adjusted regression Y~A+X,1.9202696076079044,2.0,-0.07973039239209556,0.006356935470997529
Moderate confounding,109,IPW Hajek,1.8745566295151548,2.0,-0.12544337048484522,0.015736039198598135
Moderate confounding,110,Naive regression Y~A,3.4117524547791382,2.0,1.4117524547791382,1.9930449935749228
Moderate confounding,110,Adjusted regression Y~A+X,1.9977999580972088,2.0,-0.0022000419027912166,4.840184374037197e-06
Moderate confounding,110,IPW Hajek,1.993200613750525,2.0,-0.00679938624947507,4.623165336955066e-05
Moderate confounding,111,Naive regression Y~A,3.606392906239664,2.0,1.6063929062396638,2.580498169217113
Moderate confounding,111,Adjusted regression Y~A+X,1.9994187554068383,2.0,-0.0005812445931616672,3.37845277079672e-07
Moderate confounding,111,IPW Hajek,2.084407754406415,2.0,0.08440775440641479,0.007124669003933636
Moderate confounding,112,Naive regression Y~A,3.389361760775981,2.0,1.389361760775981,1.9303261023065341
Moderate confounding,112,Adjusted regression Y~A+X,1.9922124898837554,2.0,-0.007787510116244567,6.064531381061147e-05
Moderate confounding,112,IPW Hajek,1.9606544303176123,2.0,-0.03934556968238767,0.0015480738536316238
Moderate confounding,113,Naive regression Y~A,3.5400995051460806,2.0,1.5400995051460806,2.3719064857512024
Moderate confounding,113,Adjusted regression Y~A+X,2.080936046878318,2.0,0.08093604687831801,0.006550643684289291
Moderate confounding,113,IPW Hajek,2.0602991363235255,2.0,0.06029913632352546,0.0036359858413631077
Moderate confounding,114,Naive regression Y~A,3.446826374664018,2.0,1.4468263746640182,2.093306558423426
Moderate confounding,114,Adjusted regression Y~A+X,2.034210290539374,2.0,0.03421029053937419,0.001170343978788395
Moderate confounding,114,IPW Hajek,2.126712512341288,2.0,0.126712512341288,0.016056060783841062
Moderate confounding,115,Naive regression Y~A,3.6068850579005947,2.0,1.6068850579005947,2.5820795893041972
Moderate confounding,115,Adjusted regression Y~A+X,2.0986816316186,2.0,0.09868163161860011,0.009738064418909096
Moderate confounding,115,IPW Hajek,2.1712062650017967,2.0,0.1712062650017967,0.029311585175865438
Moderate confounding,116,Naive regression Y~A,3.4248545755451536,2.0,1.4248545755451536,2.03021056145196
Moderate confounding,116,Adjusted regression Y~A+X,1.9701046909187672,2.0,-0.029895309081232835,0.0008937295050624424
Moderate confounding,116,IPW Hajek,1.8552620507860103,2.0,-0.14473794921398975,0.020949073942671474
Moderate confounding,117,Naive regression Y~A,3.351687389280842,2.0,1.3516873892808419,1.8270587983408582
Moderate confounding,117,Adjusted regression Y~A+X,1.955041201999204,2.0,-0.04495879800079594,0.002021293517676373
Moderate confounding,117,IPW Hajek,1.8901941248560676,2.0,-0.10980587514393236,0.012057330216124863
Moderate confounding,118,Naive regression Y~A,3.4836914046415477,2.0,1.4836914046415477,2.2013401842072087
Moderate confounding,118,Adjusted regression Y~A+X,2.040103673220263,2.0,0.04010367322026287,0.0016083046057576292
Moderate confounding,118,IPW Hajek,1.9250312739258004,2.0,-0.07496872607419958,0.005620309889188372
Moderate confounding,119,Naive regression Y~A,3.4595252692609053,2.0,1.4595252692609053,2.1302140116111183
Moderate confounding,119,Adjusted regression Y~A+X,1.8790722266512205,2.0,-0.12092777334877947,0.014623526367093777
Moderate confounding,119,IPW Hajek,2.0296850145339533,2.0,0.029685014533953336,0.0008812000878810208
Moderate confounding,120,Naive regression Y~A,3.5434703514807797,2.0,1.5434703514807797,2.3823007259002016
Moderate confounding,120,Adjusted regression Y~A+X,2.122498955103294,2.0,0.122498955103294,0.015005994001398841
Moderate confounding,120,IPW Hajek,2.2156437737255166,2.0,0.21564377372551657,0.04650223714658179
Moderate confounding,121,Naive regression Y~A,3.4389400872992058,2.0,1.4389400872992058,2.070548574836646
Moderate confounding,121,Adjusted regression Y~A+X,2.037795961415582,2.0,0.037795961415581836,0.001428534699328151
Moderate confounding,121,IPW Hajek,1.8634154927239763,2.0,-0.13658450727602367,0.018655327627834162
Moderate confounding,122,Naive regression Y~A,3.520610176924491,2.0,1.520610176924491,2.312255310166332
Moderate confounding,122,Adjusted regression Y~A+X,1.8989675993413508,2.0,-0.10103240065864916,0.01020754598284981
Moderate confounding,122,IPW Hajek,2.210914707767445,2.0,0.21091470776744492,0.04448501395262669
Moderate confounding,123,Naive regression Y~A,3.5720296134975693,2.0,1.5720296134975693,2.471277105713317
Moderate confounding,123,Adjusted regression Y~A+X,2.0638283641512514,2.0,0.06382836415125137,0.004074060070224751
Moderate confounding,123,IPW Hajek,2.0206164459356364,2.0,0.020616445935636385,0.000425037843017018
Moderate confounding,124,Naive regression Y~A,3.601817475132555,2.0,1.6018174751325551,2.565819223640034
Moderate confounding,124,Adjusted regression Y~A+X,2.111576744741911,2.0,0.11157674474191115,0.012449369967201597
Moderate confounding,124,IPW Hajek,2.2382721504558556,2.0,0.2382721504558556,0.05677361768285789
Moderate confounding,125,Naive regression Y~A,3.400710589617412,2.0,1.400710589617412,1.9619901558663577
Moderate confounding,125,Adjusted regression Y~A+X,2.0664121060177094,2.0,0.06641210601770942,0.004410567825707475
Moderate confounding,125,IPW Hajek,2.075220960342057,2.0,0.07522096034205683,0.005658192874781287
Moderate confounding,126,Naive regression Y~A,3.522259874272671,2.0,1.5222598742726712,2.3172751248206485
Moderate confounding,126,Adjusted regression Y~A+X,2.1014998596305587,2.0,0.10149985963055874,0.010302221505023128
Moderate confounding,126,IPW Hajek,2.141501955280879,2.0,0.14150195528087917,0.020022803348311927
Moderate confounding,127,Naive regression Y~A,3.4751623790976556,2.0,1.4751623790976556,2.1761040447050553
Moderate confounding,127,Adjusted regression Y~A+X,2.021724914009409,2.0,0.021724914009408902,0.0004719718887162112
Moderate confounding,127,IPW Hajek,2.079639446896717,2.0,0.0796394468967172,0.00634244150201504
Moderate confounding,128,Naive regression Y~A,3.3975185678830675,2.0,1.3975185678830675,1.9530581475779398
Moderate confounding,128,Adjusted regression Y~A+X,2.049291948423375,2.0,0.04929194842337514,0.0024296961793726754
Moderate confounding,128,IPW Hajek,2.2364948072023143,2.0,0.2364948072023143,0.05592979383365981
Moderate confounding,129,Naive regression Y~A,3.5636767337802047,2.0,1.5636767337802047,2.445084927765529
Moderate confounding,129,Adjusted regression Y~A+X,2.0253184915865483,2.0,0.02531849158654831,0.0006410260162181175
Moderate confounding,129,IPW Hajek,2.0311515868413004,2.0,0.03115158684130037,0.0009704213627310784
Moderate confounding,130,Naive regression Y~A,3.579412592559428,2.0,1.5794125925594278,2.4945441375352932
Moderate confounding,130,Adjusted regression Y~A+X,2.005086419086913,2.0,0.0050864190869130965,2.587165912771386e-05
Moderate confounding,130,IPW Hajek,2.1431262289668833,2.0,0.14312622896688332,0.02048511741828071
Moderate confounding,131,Naive regression Y~A,3.4774334343426103,2.0,1.4774334343426103,2.1828095529134
Moderate confounding,131,Adjusted regression Y~A+X,1.9068771621173242,2.0,-0.09312283788267584,0.008671862935323125
Moderate confounding,131,IPW Hajek,1.9163897221975665,2.0,-0.08361027780243346,0.006990678554200098
Moderate confounding,132,Naive regression Y~A,3.70213645245384,2.0,1.70213645245384,2.897268502772144
Moderate confounding,132,Adjusted regression Y~A+X,1.9593326792534018,2.0,-0.04066732074659818,0.0016538309767066947
Moderate confounding,132,IPW Hajek,2.0032985234426484,2.0,0.00329852344264836,1.0880256901700789e-05
Moderate confounding,133,Naive regression Y~A,3.6150840862637854,2.0,1.6150840862637854,2.6084966057025265
Moderate confounding,133,Adjusted regression Y~A+X,2.1717495704132683,2.0,0.17174957041326833,0.029497914937142215
Moderate confounding,133,IPW Hajek,2.2986042615518896,2.0,0.29860426155188957,0.08916450501694928
Moderate confounding,134,Naive regression Y~A,3.232885802271354,2.0,1.2328858022713538,1.5200074014422797
Moderate confounding,134,Adjusted regression Y~A+X,1.9998978975670914,2.0,-0.00010210243290864618,1.0424906805864594e-08
Moderate confounding,134,IPW Hajek,1.9701662735145755,2.0,-0.029833726485424483,0.0008900512360071182
Moderate confounding,135,Naive regression Y~A,3.4611169267109423,2.0,1.4611169267109423,2.134862673521229
Moderate confounding,135,Adjusted regression Y~A+X,1.9489439842541283,2.0,-0.05105601574587171,0.0026067167438427
Moderate confounding,135,IPW Hajek,1.9897856606618731,2.0,-0.010214339338126877,0.0001043327281144062
Moderate confounding,136,Naive regression Y~A,3.6728335865359574,2.0,1.6728335865359574,2.7983722082427542
Moderate confounding,136,Adjusted regression Y~A+X,2.024927716439083,2.0,0.024927716439083092,0.0006213910468673335
Moderate confounding,136,IPW Hajek,2.038264539543263,2.0,0.03826453954326281,0.0014641749864579233
Moderate confounding,137,Naive regression Y~A,3.595985266815556,2.0,1.595985266815556,2.547168971892322
Moderate confounding,137,Adjusted regression Y~A+X,2.149901408711923,2.0,0.1499014087119228,0.02247043233381893
Moderate confounding,137,IPW Hajek,2.0817660687714916,2.0,0.08176606877149162,0.006685690002344297
Moderate confounding,138,Naive regression Y~A,3.5637565179733133,2.0,1.5637565179733133,2.4453344475040213
Moderate confounding,138,Adjusted regression Y~A+X,2.1059755877811974,2.0,0.10597558778119742,0.011230825205570281
Moderate confounding,138,IPW Hajek,2.0369164527999106,2.0,0.036916452799910626,0.0013628244873280292
Moderate confounding,139,Naive regression Y~A,3.4537113853878525,2.0,1.4537113853878525,2.1132767920062694
Moderate confounding,139,Adjusted regression Y~A+X,2.0015811829772274,2.0,0.0015811829772274244,2.5001396074737817e-06
Moderate confounding,139,IPW Hajek,1.9865137417773013,2.0,-0.013486258222698666,0.0001818791608493074
Moderate confounding,140,Naive regression Y~A,3.424259283906028,2.0,1.4242592839060282,2.0285145077925124
Moderate confounding,140,Adjusted regression Y~A+X,1.9089038816350468,2.0,-0.09109611836495324,0.00829850278116157
Moderate confounding,140,IPW Hajek,1.987690447347372,2.0,-0.012309552652628009,0.00015152508650782123
Moderate confounding,141,Naive regression Y~A,3.308443395949468,2.0,1.308443395949468,1.712024120403776
Moderate confounding,141,Adjusted regression Y~A+X,2.016979225976189,2.0,0.01697922597618895,0.0002882941147504896
Moderate confounding,141,IPW Hajek,2.113051791935053,2.0,0.1130517919350531,0.012780707659726538
Moderate confounding,142,Naive regression Y~A,3.3169065339532193,2.0,1.3169065339532193,1.7342428191686816
Moderate confounding,142,Adjusted regression Y~A+X,1.9364355913088709,2.0,-0.06356440869112912,0.00404043405225289
Moderate confounding,142,IPW Hajek,1.904339318668837,2.0,-0.0956606813311629,0.009150965952742299
Moderate confounding,143,Naive regression Y~A,3.4972665663075895,2.0,1.4972665663075895,2.2418071705825193
Moderate confounding,143,Adjusted regression Y~A+X,1.9953714483409557,2.0,-0.0046285516590443,2.1423490460441742e-05
Moderate confounding,143,IPW Hajek,2.1353567685365102,2.0,0.13535676853651024,0.01832145478864641
Moderate confounding,144,Naive regression Y~A,3.6689903665211294,2.0,1.6689903665211294,2.785528843540334
Moderate confounding,144,Adjusted regression Y~A+X,2.1663218767601538,2.0,0.16632187676015375,0.027662966689019772
Moderate confounding,144,IPW Hajek,2.1969907092645458,2.0,0.19699070926454576,0.03880533953654879
Moderate confounding,145,Naive regression Y~A,3.446314841635895,2.0,1.4463148416358949,2.0918266211362635
Moderate confounding,145,Adjusted regression Y~A+X,1.9665452043813978,2.0,-0.03345479561860221,0.0011192233498824454
Moderate confounding,145,IPW Hajek,2.023151458759442,2.0,0.023151458759441912,0.0005359900426901396
Moderate confounding,146,Naive regression Y~A,3.3883146035068172,2.0,1.3883146035068172,1.927417438310291
Moderate confounding,146,Adjusted regression Y~A+X,2.014573830120007,2.0,0.014573830120006903,0.00021239652436682042
Moderate confounding,146,IPW Hajek,2.047275706130482,2.0,0.04727570613048204,0.0022349923901356975
Moderate confounding,147,Naive regression Y~A,3.3181157328901407,2.0,1.3181157328901407,1.7374290852925127
Moderate confounding,147,Adjusted regression Y~A+X,2.058074475923036,2.0,0.05807447592303605,0.003372644753735294
Moderate confounding,147,IPW Hajek,2.0218203725048625,2.0,0.021820372504862462,0.0004761286562509577
Moderate confounding,148,Naive regression Y~A,3.621501792506833,2.0,1.621501792506833,2.629268063102872
Moderate confounding,148,Adjusted regression Y~A+X,2.011970866012456,2.0,0.011970866012455783,0.00014330163308816902
Moderate confounding,148,IPW Hajek,2.056972023326078,2.0,0.05697202332607798,0.0032458114418671734
Moderate confounding,149,Naive regression Y~A,3.3151411022193886,2.0,1.3151411022193886,1.7295961187468285
Moderate confounding,149,Adjusted regression Y~A+X,1.890965306869132,2.0,-0.10903469313086811,0.011888564306142577
Moderate confounding,149,IPW Hajek,1.8059843100629558,2.0,-0.1940156899370442,0.037642087941747275
Moderate confounding,150,Naive regression Y~A,3.3816239889138044,2.0,1.3816239889138044,1.9088848467420925
Moderate confounding,150,Adjusted regression Y~A+X,1.9030608736772905,2.0,-0.09693912632270951,0.009397194212210233
Moderate confounding,150,IPW Hajek,1.857791503708091,2.0,-0.14220849629190901,0.0202232564176059
Moderate confounding,151,Naive regression Y~A,3.404873641672486,2.0,1.404873641672486,1.9736699490661127
Moderate confounding,151,Adjusted regression Y~A+X,1.9963809913463448,2.0,-0.0036190086536551647,1.3097223635230968e-05
Moderate confounding,151,IPW Hajek,2.0563207584967023,2.0,0.05632075849670226,0.00317202783764386
Moderate confounding,152,Naive regression Y~A,3.491070566898034,2.0,1.491070566898034,2.2232914354696245
Moderate confounding,152,Adjusted regression Y~A+X,1.9776652146928324,2.0,-0.022334785307167593,0.0004988426347172694
Moderate confounding,152,IPW Hajek,2.0750252228898844,2.0,0.07502522288988445,0.005628784069676841
Moderate confounding,153,Naive regression Y~A,3.4907995212433653,2.0,1.4907995212433653,2.2224832125394474
Moderate confounding,153,Adjusted regression Y~A+X,2.0177677375713055,2.0,0.017767737571305453,0.0003156924984027794
Moderate confounding,153,IPW Hajek,2.185817325625656,2.0,0.1858173256256559,0.034528078502671034
Moderate confounding,154,Naive regression Y~A,3.3139954858453913,2.0,1.3139954858453913,1.7265841368220658
Moderate confounding,154,Adjusted regression Y~A+X,2.0501426059919075,2.0,0.05014260599190745,0.0025142809356596733
Moderate confounding,154,IPW Hajek,2.0146470116657946,2.0,0.01464701166579463,0.00021453495073792397
Moderate confounding,155,Naive regression Y~A,3.459795538086642,2.0,1.459795538086642,2.131003013017669
Moderate confounding,155,Adjusted regression Y~A+X,1.9918519628456102,2.0,-0.008148037154389831,6.639050946931714e-05
Moderate confounding,155,IPW Hajek,2.099635442395102,2.0,0.09963544239510203,0.009927221381267694
Moderate confounding,156,Naive regression Y~A,3.600001277271521,2.0,1.600001277271521,2.560004087270499
Moderate confounding,156,Adjusted regression Y~A+X,1.945562364453966,2.0,-0.05443763554603409,0.0029634561638428344
Moderate confounding,156,IPW Hajek,1.8315075527895903,2.0,-0.16849244721040968,0.028389704766952694
Moderate confounding,157,Naive regression Y~A,3.3778180041538586,2.0,1.3778180041538586,1.8983824525705222
Moderate confounding,157,Adjusted regression Y~A+X,2.0215886276812243,2.0,0.02158862768122427,0.00046606884515852285
Moderate confounding,157,IPW Hajek,1.9266087293086962,2.0,-0.0733912706913038,0.005386278613684228
Moderate confounding,158,Naive regression Y~A,3.4180925473559487,2.0,1.4180925473559487,2.0109864728664837
Moderate confounding,158,Adjusted regression Y~A+X,1.9936771740217298,2.0,-0.0063228259782701635,3.997812835148805e-05
Moderate confounding,158,IPW Hajek,2.118520508904493,2.0,0.11852050890449295,0.014047111030979992
Moderate confounding,159,Naive regression Y~A,3.497318230052468,2.0,1.4973182300524681,2.241961882047456
Moderate confounding,159,Adjusted regression Y~A+X,1.962082717315871,2.0,-0.03791728268412897,0.0014377203261481469
Moderate confounding,159,IPW Hajek,2.016849655653206,2.0,0.016849655653206064,0.00028391089563161906
Moderate confounding,160,Naive regression Y~A,3.402706121990446,2.0,1.402706121990446,1.967584464669476
Moderate confounding,160,Adjusted regression Y~A+X,1.9354240592044627,2.0,-0.0645759407955373,0.004170052129628739
Moderate confounding,160,IPW Hajek,1.819792936950835,2.0,-0.180207063049165,0.032474585572805734
Moderate confounding,161,Naive regression Y~A,3.432385201677291,2.0,1.4323852016772909,2.0517273659840933
Moderate confounding,161,Adjusted regression Y~A+X,2.0057901518531422,2.0,0.005790151853142245,3.352585848244657e-05
Moderate confounding,161,IPW Hajek,2.1256458989255336,2.0,0.12564589892553357,0.0157868919168054
Moderate confounding,162,Naive regression Y~A,3.522069598469945,2.0,1.5220695984699448,2.316695862586459
Moderate confounding,162,Adjusted regression Y~A+X,2.0572839354087034,2.0,0.05728393540870336,0.003281449255908498
Moderate confounding,162,IPW Hajek,2.074615770788945,2.0,0.07461577078894521,0.005567513250428409
Moderate confounding,163,Naive regression Y~A,3.4774293800165132,2.0,1.4774293800165132,2.1827975729359785
Moderate confounding,163,Adjusted regression Y~A+X,2.0672207603569808,2.0,0.06722076035698077,0.004518630622970637
Moderate confounding,163,IPW Hajek,2.1723685650651996,2.0,0.1723685650651996,0.02971092222263595
Moderate confounding,164,Naive regression Y~A,3.455947938568989,2.0,1.4559479385689889,2.119784399823288
Moderate confounding,164,Adjusted regression Y~A+X,2.013060515845245,2.0,0.013060515845245035,0.00017057707414389663
Moderate confounding,164,IPW Hajek,2.0393339186410717,2.0,0.03933391864107172,0.0015471571556624493
Moderate confounding,165,Naive regression Y~A,3.263015382532037,2.0,1.263015382532037,1.5952078565125476
Moderate confounding,165,Adjusted regression Y~A+X,1.9217747728064447,2.0,-0.07822522719355529,0.006119186169483342
Moderate confounding,165,IPW Hajek,1.8408196919879625,2.0,-0.15918030801203753,0.02533837045880714
Moderate confounding,166,Naive regression Y~A,3.444151330634214,2.0,1.444151330634214,2.0855730657725706
Moderate confounding,166,Adjusted regression Y~A+X,1.9903364382412114,2.0,-0.009663561758788575,9.338442586592094e-05
Moderate confounding,166,IPW Hajek,1.9452160499361844,2.0,-0.054783950063815645,0.003001281184594646
Moderate confounding,167,Naive regression Y~A,3.4197915585266876,2.0,1.4197915585266876,2.0158080696636405
Moderate confounding,167,Adjusted regression Y~A+X,2.015511970584646,2.0,0.01551197058464604,0.000240621231418924
Moderate confounding,167,IPW Hajek,2.078999184828435,2.0,0.07899918482843482,0.006240871203557206
Moderate confounding,168,Naive regression Y~A,3.6235951482851423,2.0,1.6235951482851423,2.636061205535053
Moderate confounding,168,Adjusted regression Y~A+X,2.057836307191509,2.0,0.05783630719150912,0.0033450384295506093
Moderate confounding,168,IPW Hajek,2.1872569982672236,2.0,0.18725699826722364,0.035065183400051
Moderate confounding,169,Naive regression Y~A,3.3350650485935214,2.0,1.3350650485935214,1.7823986839760215
Moderate confounding,169,Adjusted regression Y~A+X,1.9238445908727884,2.0,-0.07615540912721164,0.00579964633933299
Moderate confounding,169,IPW Hajek,1.8517941286285715,2.0,-0.1482058713714285,0.021964980308964405
Moderate confounding,170,Naive regression Y~A,3.4202089226303,2.0,1.4202089226302999,2.016993383918717
Moderate confounding,170,Adjusted regression Y~A+X,1.9875593035832657,2.0,-0.012440696416734287,0.00015477092733334532
Moderate confounding,170,IPW Hajek,2.082964598996413,2.0,0.08296459899641295,0.006883124686635605
Moderate confounding,171,Naive regression Y~A,3.311943019183163,2.0,1.311943019183163,1.721194485583433
Moderate confounding,171,Adjusted regression Y~A+X,1.9894962288843872,2.0,-0.010503771115612848,0.00011032920764918277
Moderate confounding,171,IPW Hajek,1.993708738328741,2.0,-0.00629126167125893,3.95799734162517e-05
Moderate confounding,172,Naive regression Y~A,3.439283296317946,2.0,1.4392832963179458,2.0715364070598516
Moderate confounding,172,Adjusted regression Y~A+X,1.878915965493788,2.0,-0.12108403450621208,0.014661343412301558
Moderate confounding,172,IPW Hajek,1.938784000288533,2.0,-0.06121599971146696,0.003747398620674323
Moderate confounding,173,Naive regression Y~A,3.3265127894819724,2.0,1.3265127894819724,1.7596361806592435
Moderate confounding,173,Adjusted regression Y~A+X,1.9373272931596708,2.0,-0.06267270684032922,0.003927868182693849
Moderate confounding,173,IPW Hajek,1.9652919047200856,2.0,-0.034708095279914364,0.0012046518779596138
Moderate confounding,174,Naive regression Y~A,3.652247005974059,2.0,1.652247005974059,2.729920168750242
Moderate confounding,174,Adjusted regression Y~A+X,2.030025807888269,2.0,0.03002580788826892,0.000901549139343232
Moderate confounding,174,IPW Hajek,1.9697478828044341,2.0,-0.030252117195565864,0.0009151905948142519
Moderate confounding,175,Naive regression Y~A,3.3945637707988863,2.0,1.3945637707988863,1.9448081108248085
Moderate confounding,175,Adjusted regression Y~A+X,2.01896927222948,2.0,0.018969272229480083,0.00035983328891612426
Moderate confounding,175,IPW Hajek,2.1347291373789874,2.0,0.1347291373789874,0.01815194045888606
Moderate confounding,176,Naive regression Y~A,3.3382338637136453,2.0,1.3382338637136453,1.7908698739899513
Moderate confounding,176,Adjusted regression Y~A+X,1.9510976335508576,2.0,-0.048902366449142365,0.002391441444326205
Moderate confounding,176,IPW Hajek,2.0022993057260425,2.0,0.002299305726042533,5.28680682181198e-06
Moderate confounding,177,Naive regression Y~A,3.531229659061733,2.0,1.531229659061733,2.3446642687903108
Moderate confounding,177,Adjusted regression Y~A+X,2.094014159207965,2.0,0.09401415920796508,0.008838662131580605
Moderate confounding,177,IPW Hajek,2.1227627772131794,2.0,0.12276277721317941,0.015070699469092721
Moderate confounding,178,Naive regression Y~A,3.3925620454206005,2.0,1.3925620454206005,1.9392290503460066
Moderate confounding,178,Adjusted regression Y~A+X,1.8747349287482067,2.0,-0.12526507125179331,0.015691338075716856
Moderate confounding,178,IPW Hajek,1.874003070885288,2.0,-0.12599692911471205,0.015875226146337774
Moderate confounding,179,Naive regression Y~A,3.680549860760487,2.0,1.680549860760487,2.824247834502092
Moderate confounding,179,Adjusted regression Y~A+X,2.088333407545717,2.0,0.08833340754571717,0.007802790888637763
Moderate confounding,179,IPW Hajek,2.0310725497346818,2.0,0.031072549734681765,0.0009655033470142719
Moderate confounding,180,Naive regression Y~A,3.523676398083054,2.0,1.523676398083054,2.3215897660753497
Moderate confounding,180,Adjusted regression Y~A+X,2.0410954950807487,2.0,0.04109549508074872,0.0016888397159318424
Moderate confounding,180,IPW Hajek,1.8417199346838053,2.0,-0.15828006531619465,0.025052579076498844
Moderate confounding,181,Naive regression Y~A,3.4235887836242935,2.0,1.4235887836242935,2.0266050248608956
Moderate confounding,181,Adjusted regression Y~A+X,1.8638303847375952,2.0,-0.1361696152624048,0.018542164120711344
Moderate confounding,181,IPW Hajek,2.0886967249824164,2.0,0.08869672498241643,0.007867109022606416
Moderate confounding,182,Naive regression Y~A,3.5413996385132336,2.0,1.5413996385132336,2.375912845608727
Moderate confounding,182,Adjusted regression Y~A+X,1.969782448593172,2.0,-0.030217551406827914,0.0009131004130242876
Moderate confounding,182,IPW Hajek,2.186306230097556,2.0,0.1863062300975562,0.034710011373163555
Moderate confounding,183,Naive regression Y~A,3.40222555682197,2.0,1.40222555682197,1.9662365122046837
Moderate confounding,183,Adjusted regression Y~A+X,1.8763773319490433,2.0,-0.12362266805095667,0.015282564056037024
Moderate confounding,183,IPW Hajek,1.7915106321851257,2.0,-0.20848936781487426,0.043467816491845924
Moderate confounding,184,Naive regression Y~A,3.5030377909425594,2.0,1.5030377909425594,2.259122601001489
Moderate confounding,184,Adjusted regression Y~A+X,2.0043864869787895,2.0,0.004386486978789517,1.924126801508998e-05
Moderate confounding,184,IPW Hajek,2.016931139753461,2.0,0.016931139753460833,0.0002866634933512218
Moderate confounding,185,Naive regression Y~A,3.3727371937416226,2.0,1.3727371937416226,1.8844074030816251
Moderate confounding,185,Adjusted regression Y~A+X,1.956388330899337,2.0,-0.04361166910066294,0.001901977681745719
Moderate confounding,185,IPW Hajek,2.0261857084412918,2.0,0.026185708441291755,0.0006856913265723383
Moderate confounding,186,Naive regression Y~A,3.445243178554689,2.0,1.4452431785546889,2.0887278451588602
Moderate confounding,186,Adjusted regression Y~A+X,1.9614474004929197,2.0,-0.03855259950708034,0.0014863029287533315
Moderate confounding,186,IPW Hajek,2.027525283585468,2.0,0.027525283585467797,0.0007576412364604229
Moderate confounding,187,Naive regression Y~A,3.3678887312325254,2.0,1.3678887312325254,1.8711195810329282
Moderate confounding,187,Adjusted regression Y~A+X,2.0010771865823638,2.0,0.001077186582363776,1.160330933224552e-06
Moderate confounding,187,IPW Hajek,1.9756733141837155,2.0,-0.0243266858162845,0.0005917876428042174
Moderate confounding,188,Naive regression Y~A,3.3486740096327896,2.0,1.3486740096327896,1.8189215842589859
Moderate confounding,188,Adjusted regression Y~A+X,1.9540218943745367,2.0,-0.04597810562546334,0.0021139861969062634
Moderate confounding,188,IPW Hajek,1.8422712769760843,2.0,-0.15772872302391572,0.02487835006675512
Moderate confounding,189,Naive regression Y~A,3.4615557654141855,2.0,1.4615557654141855,2.1361452554154456
Moderate confounding,189,Adjusted regression Y~A+X,2.028529004352746,2.0,0.028529004352745968,0.0008139040893589983
Moderate confounding,189,IPW Hajek,2.0139349581593207,2.0,0.013934958159320665,0.00019418305890201758
Moderate confounding,190,Naive regression Y~A,3.547418311179836,2.0,1.547418311179836,2.394503429774656
Moderate confounding,190,Adjusted regression Y~A+X,2.029030810724413,2.0,0.029030810724413048,0.0008427879713166956
Moderate confounding,190,IPW Hajek,2.1686761823386544,2.0,0.16867618233865445,0.028451654488343
Moderate confounding,191,Naive regression Y~A,3.5591095627422207,2.0,1.5591095627422207,2.4308226286342385
Moderate confounding,191,Adjusted regression Y~A+X,2.1089135701882484,2.0,0.10891357018824843,0.011862165771150518
Moderate confounding,191,IPW Hajek,2.1645201812733,2.0,0.16452018127329993,0.027066890046199468
Moderate confounding,192,Naive regression Y~A,3.3902360802467797,2.0,1.3902360802467797,1.9327563588199306
Moderate confounding,192,Adjusted regression Y~A+X,1.8885509559782012,2.0,-0.11144904402179878,0.012420889413372842
Moderate confounding,192,IPW Hajek,1.8720489464988141,2.0,-0.12795105350118585,0.016371472092063324
Moderate confounding,193,Naive regression Y~A,3.3887103300349586,2.0,1.3887103300349586,1.9285163807458037
Moderate confounding,193,Adjusted regression Y~A+X,1.9174772518886218,2.0,-0.08252274811137816,0.006810003955853968
Moderate confounding,193,IPW Hajek,2.031770726449995,2.0,0.031770726449995124,0.0010093790591604198
Moderate confounding,194,Naive regression Y~A,3.379782335190923,2.0,1.379782335190923,1.9037992925049168
Moderate confounding,194,Adjusted regression Y~A+X,2.06927046615888,2.0,0.06927046615887988,0.004798397481868524
Moderate confounding,194,IPW Hajek,2.073361460371642,2.0,0.07336146037164193,0.005381903867859989
Moderate confounding,195,Naive regression Y~A,3.424928057418101,2.0,1.424928057418101,2.0304199688173226
Moderate confounding,195,Adjusted regression Y~A+X,1.9973914627796703,2.0,-0.002608537220329721,6.8044664298455065e-06
Moderate confounding,195,IPW Hajek,1.7613045103093055,2.0,-0.23869548969069454,0.05697553679868046
Moderate confounding,196,Naive regression Y~A,3.5279028787652438,2.0,1.5279028787652438,2.3344872069391194
Moderate confounding,196,Adjusted regression Y~A+X,2.072238040495036,2.0,0.0722380404950358,0.005218334494562431
Moderate confounding,196,IPW Hajek,2.0900947538357784,2.0,0.09009475383577836,0.0081170646687295
Moderate confounding,197,Naive regression Y~A,3.400942878170255,2.0,1.4009428781702549,1.9626409478959577
Moderate confounding,197,Adjusted regression Y~A+X,1.9761346180493056,2.0,-0.02386538195069443,0.0005695564556525315
Moderate confounding,197,IPW Hajek,1.6093076837358435,2.0,-0.39069231626415646,0.15264048598785165
Moderate confounding,198,Naive regression Y~A,3.6653914970392005,2.0,1.6653914970392005,2.7735288384104693
Moderate confounding,198,Adjusted regression Y~A+X,1.9434213240079166,2.0,-0.05657867599208344,0.0032011465770171586
Moderate confounding,198,IPW Hajek,1.9754692574810417,2.0,-0.02453074251895826,0.0006017573285314266
Moderate confounding,199,Naive regression Y~A,3.3938494903563443,2.0,1.3938494903563443,1.9428164017666407
Moderate confounding,199,Adjusted regression Y~A+X,1.9385299192678993,2.0,-0.061470080732100696,0.0037785708252109774
Moderate confounding,199,IPW Hajek,1.8818490669307946,2.0,-0.11815093306920543,0.013959642985123862
Moderate confounding,200,Naive regression Y~A,3.5251239532468803,2.0,1.5251239532468803,2.3260030727673926
Moderate confounding,200,Adjusted regression Y~A+X,2.045605293047962,2.0,0.045605293047962014,0.0020798427539904926
Moderate confounding,200,IPW Hajek,2.137744268812848,2.0,0.13774426881284807,0.01897348359078615
Moderate confounding,201,Naive regression Y~A,3.446080235267608,2.0,1.4460802352676079,2.09114804683162
Moderate confounding,201,Adjusted regression Y~A+X,1.9491402962990472,2.0,-0.05085970370095283,0.002586709460548715
Moderate confounding,201,IPW Hajek,1.981010878014179,2.0,-0.018989121985820923,0.00036058675379238754
Moderate confounding,202,Naive regression Y~A,3.4152963183517344,2.0,1.4152963183517344,2.003063668739974
Moderate confounding,202,Adjusted regression Y~A+X,1.9998218075439336,2.0,-0.0001781924560664283,3.175255139898598e-08
Moderate confounding,202,IPW Hajek,2.0420892135086146,2.0,0.04208921350861461,0.0017715018937737464
Moderate confounding,203,Naive regression Y~A,3.2630920132021175,2.0,1.2630920132021175,1.5954014338149782
Moderate confounding,203,Adjusted regression Y~A+X,1.877949254460876,2.0,-0.12205074553912398,0.014896384486655994
Moderate confounding,203,IPW Hajek,1.7928238123913387,2.0,-0.2071761876086613,0.04292197271205923
Moderate confounding,204,Naive regression Y~A,3.457137414955185,2.0,1.4571374149551848,2.123249446062278
Moderate confounding,204,Adjusted regression Y~A+X,1.9826415713965446,2.0,-0.017358428603455378,0.0003013150435812578
Moderate confounding,204,IPW Hajek,2.086348584224412,2.0,0.08634858422441205,0.007456077997560382
Moderate confounding,205,Naive regression Y~A,3.6831542104413812,2.0,1.6831542104413812,2.8330080961265494
Moderate confounding,205,Adjusted regression Y~A+X,2.0767524367326247,2.0,0.07675243673262466,0.0058909365443955515
Moderate confounding,205,IPW Hajek,2.078444510176892,2.0,0.07844451017689202,0.0061535411768925165
Moderate confounding,206,Naive regression Y~A,3.475675922114423,2.0,1.4756759221144229,2.1776194271082523
Moderate confounding,206,Adjusted regression Y~A+X,2.0572421651710333,2.0,0.05724216517103331,0.003276665473467859
Moderate confounding,206,IPW Hajek,2.0239890160117078,2.0,0.023989016011707776,0.000575472889209972
Moderate confounding,207,Naive regression Y~A,3.4493020495366995,2.0,1.4493020495366995,2.1004764307912778
Moderate confounding,207,Adjusted regression Y~A+X,1.9643784113429545,2.0,-0.035621588657045455,0.0012688975784517496
Moderate confounding,207,IPW Hajek,1.8567016849559452,2.0,-0.14329831504405477,0.020534407094465173
Moderate confounding,208,Naive regression Y~A,3.5053194958226177,2.0,1.5053194958226177,2.26598678450366
Moderate confounding,208,Adjusted regression Y~A+X,2.06483437226708,2.0,0.06483437226708011,0.004203495827266326
Moderate confounding,208,IPW Hajek,2.240315952520442,2.0,0.2403159525204419,0.05775175703580729
Moderate confounding,209,Naive regression Y~A,3.495173884433068,2.0,1.495173884433068,2.2355449446906692
Moderate confounding,209,Adjusted regression Y~A+X,1.9797460975471421,2.0,-0.020253902452857853,0.00041022056456988134
Moderate confounding,209,IPW Hajek,2.14305536652111,2.0,0.14305536652110984,0.020464837890489074
Moderate confounding,210,Naive regression Y~A,3.572987109773006,2.0,1.5729871097730062,2.4742884475120355
Moderate confounding,210,Adjusted regression Y~A+X,2.0373166908801585,2.0,0.03731669088015854,0.0013925354182453078
Moderate confounding,210,IPW Hajek,2.1805279073143096,2.0,0.18052790731430957,0.03259032531928394
Moderate confounding,211,Naive regression Y~A,3.5558102688132487,2.0,1.5558102688132487,2.420545592544753
Moderate confounding,211,Adjusted regression Y~A+X,2.1320353039435256,2.0,0.13203530394352558,0.017433321487459182
Moderate confounding,211,IPW Hajek,2.0929574734239447,2.0,0.09295747342394467,0.00864109186536338
Moderate confounding,212,Naive regression Y~A,3.369989441628694,2.0,1.369989441628694,1.8768710701741007
Moderate confounding,212,Adjusted regression Y~A+X,1.9345228734043036,2.0,-0.06547712659569638,0.00428725410722885
Moderate confounding,212,IPW Hajek,1.8483880390320064,2.0,-0.15161196096799356,0.022986186708560404
Moderate confounding,213,Naive regression Y~A,3.5147827329510957,2.0,1.5147827329510957,2.2945667280467905
Moderate confounding,213,Adjusted regression Y~A+X,1.914215725129056,2.0,-0.08578427487094409,0.00735894181513369
Moderate confounding,213,IPW Hajek,1.968123345881157,2.0,-0.031876654118843106,0.001016121077812357
Moderate confounding,214,Naive regression Y~A,3.591646384361772,2.0,1.591646384361772,2.533338212851902
Moderate confounding,214,Adjusted regression Y~A+X,2.0203049456684803,2.0,0.02030494566848029,0.0004122908185999365
Moderate confounding,214,IPW Hajek,1.865096420450914,2.0,-0.13490357954908605,0.018198975775156587
Moderate confounding,215,Naive regression Y~A,3.346748007241684,2.0,1.346748007241684,1.8137301950094469
Moderate confounding,215,Adjusted regression Y~A+X,2.0263645411315268,2.0,0.026364541131526753,0.000695089029075966
Moderate confounding,215,IPW Hajek,1.9962462212246566,2.0,-0.0037537787753434415,1.4090855094218908e-05
Moderate confounding,216,Naive regression Y~A,3.3878097762333277,2.0,1.3878097762333277,1.926015975008799
Moderate confounding,216,Adjusted regression Y~A+X,1.962212870201895,2.0,-0.037787129798104946,0.0014278671783788308
Moderate confounding,216,IPW Hajek,1.8718007086463428,2.0,-0.12819929135365715,0.016435058303579872
Moderate confounding,217,Naive regression Y~A,3.3510823690076337,2.0,1.3510823690076337,1.8254235678432795
Moderate confounding,217,Adjusted regression Y~A+X,2.0497826268124926,2.0,0.04978262681249257,0.002478309932351904
Moderate confounding,217,IPW Hajek,2.111813560991365,2.0,0.11181356099136508,0.012502272421569718
Moderate confounding,218,Naive regression Y~A,3.429146606065193,2.0,1.429146606065193,2.04246002162766
Moderate confounding,218,Adjusted regression Y~A+X,1.8472068233886505,2.0,-0.1527931766113495,0.02334575481898704
Moderate confounding,218,IPW Hajek,1.9502019499041872,2.0,-0.04979805009581284,0.0024798457933450854
Moderate confounding,219,Naive regression Y~A,3.5813283482647815,2.0,1.5813283482647815,2.5005993450258224
Moderate confounding,219,Adjusted regression Y~A+X,2.0651475254523373,2.0,0.06514752545233726,0.004244200072562931
Moderate confounding,219,IPW Hajek,2.1325001425792616,2.0,0.13250014257926157,0.017556287783524645
Moderate confounding,220,Naive regression Y~A,3.4302762589491045,2.0,1.4302762589491045,2.0456901769134457
Moderate confounding,220,Adjusted regression Y~A+X,1.9413630529116668,2.0,-0.058636947088333224,0.0034382915638399903
Moderate confounding,220,IPW Hajek,1.9298662089819578,2.0,-0.07013379101804218,0.0049187486425624136
Moderate confounding,221,Naive regression Y~A,3.337514190524875,2.0,1.337514190524875,1.7889442098554118
Moderate confounding,221,Adjusted regression Y~A+X,1.940420565533612,2.0,-0.059579434466388026,0.0035497090113346254
Moderate confounding,221,IPW Hajek,1.9814155955916883,2.0,-0.01858440440831166,0.0003453800872116739
Moderate confounding,222,Naive regression Y~A,3.368778550642858,2.0,1.3687785506428578,1.8735547206999625
Moderate confounding,222,Adjusted regression Y~A+X,2.049560800754856,2.0,0.049560800754855805,0.0024562729714625157
Moderate confounding,222,IPW Hajek,2.1432884874188467,2.0,0.1432884874188467,0.02053159062678099
Moderate confounding,223,Naive regression Y~A,3.5865723435699732,2.0,1.5865723435699732,2.517211801381117
Moderate confounding,223,Adjusted regression Y~A+X,2.0296250395450377,2.0,0.0296250395450377,0.0008776429680450476
Moderate confounding,223,IPW Hajek,2.0939269470859525,2.0,0.0939269470859525,0.008822271388887321
Moderate confounding,224,Naive regression Y~A,3.520116308703362,2.0,1.5201163087033618,2.310753591985934
Moderate confounding,224,Adjusted regression Y~A+X,2.1544712073689865,2.0,0.15447120736898645,0.023861353906032414
Moderate confounding,224,IPW Hajek,2.2462619089690525,2.0,0.24626190896905253,0.060644927809081914
Moderate confounding,225,Naive regression Y~A,3.568256651014054,2.0,1.568256651014054,2.4594289234498166
Moderate confounding,225,Adjusted regression Y~A+X,2.003129193136507,2.0,0.003129193136507169,9.791849685563574e-06
Moderate confounding,225,IPW Hajek,1.968037340913353,2.0,-0.03196265908664708,0.0010216115758892234
Moderate confounding,226,Naive regression Y~A,3.3329383651382067,2.0,1.3329383651382067,1.7767246852573153
Moderate confounding,226,Adjusted regression Y~A+X,1.950864846189926,2.0,-0.04913515381007394,0.0024142633399396236
Moderate confounding,226,IPW Hajek,1.9401640953338564,2.0,-0.059835904666143636,0.0035803354872158298
Moderate confounding,227,Naive regression Y~A,3.583855578971389,2.0,1.5838555789713888,2.508598495038793
Moderate confounding,227,Adjusted regression Y~A+X,2.044728085697862,2.0,0.0447280856978618,0.002000601650195269
Moderate confounding,227,IPW Hajek,2.1029233261587996,2.0,0.10292332615879962,0.010593211067590647
Moderate confounding,228,Naive regression Y~A,3.340604134938152,2.0,1.3406041349381521,1.7972194466132712
Moderate confounding,228,Adjusted regression Y~A+X,1.939393594136197,2.0,-0.06060640586380295,0.0036731364317280084
Moderate confounding,228,IPW Hajek,2.081290812376344,2.0,0.08129081237634406,0.006608196176805972
Moderate confounding,229,Naive regression Y~A,3.500631541797702,2.0,1.500631541797702,2.2518950242381486
Moderate confounding,229,Adjusted regression Y~A+X,2.0434569906286297,2.0,0.04345699062862973,0.0018885100344968125
Moderate confounding,229,IPW Hajek,2.1202770248065996,2.0,0.12027702480659963,0.014466562696327383
Moderate confounding,230,Naive regression Y~A,3.4839590912634817,2.0,1.4839590912634817,2.2021345845435385
Moderate confounding,230,Adjusted regression Y~A+X,2.0185542538224595,2.0,0.018554253822459454,0.0003442603349082513
Moderate confounding,230,IPW Hajek,2.0265671825964113,2.0,0.02656718259641133,0.0007058151911110612
Moderate confounding,231,Naive regression Y~A,3.563634986467342,2.0,1.563634986467342,2.444954370904725
Moderate confounding,231,Adjusted regression Y~A+X,2.0472648560248077,2.0,0.04726485602480768,0.0022339666150457986
Moderate confounding,231,IPW Hajek,2.0440241331728983,2.0,0.04402413317289833,0.001938124301625087
Moderate confounding,232,Naive regression Y~A,3.5112725615498195,2.0,1.5112725615498195,2.2839447552933527
Moderate confounding,232,Adjusted regression Y~A+X,2.036422627340678,2.0,0.03642262734067803,0.0013266077823979065
Moderate confounding,232,IPW Hajek,2.1857849563680327,2.0,0.18578495636803272,0.03451605001267182
Moderate confounding,233,Naive regression Y~A,3.3657297622521676,2.0,1.3657297622521676,1.8652177835013621
Moderate confounding,233,Adjusted regression Y~A+X,1.8718778014596715,2.0,-0.12812219854032847,0.016415297758807346
Moderate confounding,233,IPW Hajek,2.0950332788969908,2.0,0.09503327889699076,0.009031324097913228
Moderate confounding,234,Naive regression Y~A,3.4415220540795586,2.0,1.4415220540795586,2.07798583239775
Moderate confounding,234,Adjusted regression Y~A+X,1.9540410955838654,2.0,-0.045958904416134594,0.002112220895131396
Moderate confounding,234,IPW Hajek,1.9286951459051707,2.0,-0.07130485409482934,0.0050843822174849
Moderate confounding,235,Naive regression Y~A,3.476238263678237,2.0,1.476238263678237,2.179279411147736
Moderate confounding,235,Adjusted regression Y~A+X,2.118560694656771,2.0,0.11856069465677121,0.014056638317496139
Moderate confounding,235,IPW Hajek,2.125511564827185,2.0,0.12551156482718495,0.01575315290536865
Moderate confounding,236,Naive regression Y~A,3.4933941193559,2.0,1.4933941193559002,2.2302259957267845
Moderate confounding,236,Adjusted regression Y~A+X,1.9406210096905476,2.0,-0.05937899030945237,0.0035258644901700388
Moderate confounding,236,IPW Hajek,1.946811188294282,2.0,-0.05318881170571799,0.002829049690666323
Moderate confounding,237,Naive regression Y~A,3.337158564874815,2.0,1.337158564874815,1.7879930276180749
Moderate confounding,237,Adjusted regression Y~A+X,1.959348010148662,2.0,-0.040651989851338,0.0016525842788732877
Moderate confounding,237,IPW Hajek,2.006420776558273,2.0,0.006420776558273111,4.12263716112695e-05
Moderate confounding,238,Naive regression Y~A,3.5605710363112064,2.0,1.5605710363112064,2.4353819593734327
Moderate confounding,238,Adjusted regression Y~A+X,2.076411127577004,2.0,0.07641112757700386,0.005838660417589159
Moderate confounding,238,IPW Hajek,2.2169015229314626,2.0,0.2169015229314626,0.047046270649987794
Moderate confounding,239,Naive regression Y~A,3.356584121382169,2.0,1.356584121382169,1.8403204783862315
Moderate confounding,239,Adjusted regression Y~A+X,1.986769804714635,2.0,-0.013230195285365065,0.000175038067288896
Moderate confounding,239,IPW Hajek,2.04053868536771,2.0,0.04053868536770988,0.0016433850113421753
Moderate confounding,240,Naive regression Y~A,3.503851761084293,2.0,1.503851761084293,2.2615701193163296
Moderate confounding,240,Adjusted regression Y~A+X,2.012423911929489,2.0,0.012423911929488884,0.0001543535876316962
Moderate confounding,240,IPW Hajek,2.0366514026221827,2.0,0.036651402622182694,0.0013433253141733404
Moderate confounding,241,Naive regression Y~A,3.567028793174241,2.0,1.567028793174241,2.4555792386371182
Moderate confounding,241,Adjusted regression Y~A+X,1.9489612150132762,2.0,-0.05103878498672376,0.002604957572921019
Moderate confounding,241,IPW Hajek,1.8581121072974955,2.0,-0.14188789270250446,0.02013217409555742
Moderate confounding,242,Naive regression Y~A,3.4965151451614847,2.0,1.4965151451614847,2.2395575796976996
Moderate confounding,242,Adjusted regression Y~A+X,2.0695491965239174,2.0,0.06954919652391744,0.00483709073712249
Moderate confounding,242,IPW Hajek,1.8771839343197163,2.0,-0.12281606568028369,0.015083785989183758
Moderate confounding,243,Naive regression Y~A,3.4136528609521744,2.0,1.4136528609521744,1.9984144112782676
Moderate confounding,243,Adjusted regression Y~A+X,1.9838333751319126,2.0,-0.016166624868087398,0.0002613597596254619
Moderate confounding,243,IPW Hajek,2.007740789835238,2.0,0.007740789835238182,5.991982727332676e-05
Moderate confounding,244,Naive regression Y~A,3.4393246335302927,2.0,1.4393246335302927,2.0716554006871113
Moderate confounding,244,Adjusted regression Y~A+X,1.9921351409437706,2.0,-0.007864859056229356,6.185600797435292e-05
Moderate confounding,244,IPW Hajek,2.0310340309345563,2.0,0.031034030934556256,0.0009631110760469947
Moderate confounding,245,Naive regression Y~A,3.464609721181281,2.0,1.4646097211812812,2.1450816353787103
Moderate confounding,245,Adjusted regression Y~A+X,1.9860931622600175,2.0,-0.01390683773998247,0.00019340013592620073
Moderate confounding,245,IPW Hajek,2.0944296980543458,2.0,0.09442969805434576,0.008916967874634911
Moderate confounding,246,Naive regression Y~A,3.413473059332034,2.0,1.4134730593320342,1.99790608945746
Moderate confounding,246,Adjusted regression Y~A+X,1.9318368755741981,2.0,-0.06816312442580186,0.004646211531487346
Moderate confounding,246,IPW Hajek,1.8941660962444453,2.0,-0.10583390375555468,0.011200815184140012
Moderate confounding,247,Naive regression Y~A,3.3055744590352303,2.0,1.3055744590352303,1.7045246680851343
Moderate confounding,247,Adjusted regression Y~A+X,1.9082844459064208,2.0,-0.09171555409357923,0.008411742862692258
Moderate confounding,247,IPW Hajek,2.01656689914161,2.0,0.016566899141610136,0.00027446214716828266
Moderate confounding,248,Naive regression Y~A,3.4668192305469767,2.0,1.4668192305469767,2.151558655102425
Moderate confounding,248,Adjusted regression Y~A+X,2.0436236811014594,2.0,0.04362368110145942,0.001903025552841828
Moderate confounding,248,IPW Hajek,1.9358938491385387,2.0,-0.06410615086146132,0.004109598578272438
Moderate confounding,249,Naive regression Y~A,3.613652191585,2.0,1.613652191585,2.6038733954070734
Moderate confounding,249,Adjusted regression Y~A+X,2.148121715993656,2.0,0.1481217159936561,0.021940042748905313
Moderate confounding,249,IPW Hajek,2.327586714122181,2.0,0.3275867141221811,0.1073130552693676
Moderate confounding,250,Naive regression Y~A,3.4345198832308066,2.0,1.4345198832308066,2.057847295384527
Moderate confounding,250,Adjusted regression Y~A+X,1.9587652475240023,2.0,-0.04123475247599773,0.0017003048117568006
Moderate confounding,250,IPW Hajek,1.9901105893517268,2.0,-0.0098894106482732,9.780044297017936e-05
Moderate confounding,251,Naive regression Y~A,3.429221491127459,2.0,1.4292214911274592,2.042674070700598
Moderate confounding,251,Adjusted regression Y~A+X,1.9360206736697427,2.0,-0.06397932633025727,0.004093354197673551
Moderate confounding,251,IPW Hajek,2.0159035607944604,2.0,0.015903560794460425,0.00025292324594309874
Moderate confounding,252,Naive regression Y~A,3.5796906664862584,2.0,1.5796906664862584,2.4954226017837993
Moderate confounding,252,Adjusted regression Y~A+X,2.025968554089303,2.0,0.025968554089303097,0.0006743658014890607
Moderate confounding,252,IPW Hajek,2.1630497105483766,2.0,0.16304971054837658,0.026585208109909386
Moderate confounding,253,Naive regression Y~A,3.4493778964387674,2.0,1.4493778964387674,2.1006962866852663
Moderate confounding,253,Adjusted regression Y~A+X,1.9479953368931764,2.0,-0.05200466310682361,0.002704484984854221
Moderate confounding,253,IPW Hajek,2.046665626319758,2.0,0.04666562631975779,0.002177680679815271
Moderate confounding,254,Naive regression Y~A,3.3364004540351853,2.0,1.3364004540351853,1.7859661735454493
Moderate confounding,254,Adjusted regression Y~A+X,2.0108339756564138,2.0,0.010833975656413752,0.0001173750285237658
Moderate confounding,254,IPW Hajek,1.9729275762496785,2.0,-0.027072423750321484,0.0007329161277169708
Moderate confounding,255,Naive regression Y~A,3.401790883275011,2.0,1.401790883275011,1.9650176804329356
Moderate confounding,255,Adjusted regression Y~A+X,2.086248533577401,2.0,0.08624853357740081,0.007438809544252035
Moderate confounding,255,IPW Hajek,1.9312254518173562,2.0,-0.06877454818264384,0.004729938477726799
Moderate confounding,256,Naive regression Y~A,3.476636037340872,2.0,1.4766360373408718,2.1804539867737525
Moderate confounding,256,Adjusted regression Y~A+X,1.9156986030856704,2.0,-0.08430139691432958,0.007106725521707337
Moderate confounding,256,IPW Hajek,1.9656435627118143,2.0,-0.034356437288185715,0.0011803647831370378
Moderate confounding,257,Naive regression Y~A,3.357902220973159,2.0,1.357902220973159,1.843898441723838
Moderate confounding,257,Adjusted regression Y~A+X,1.97863492350558,2.0,-0.021365076494419988,0.0004564664936124175
Moderate confounding,257,IPW Hajek,2.0159510402543996,2.0,0.01595104025439964,0.0002544356851974777
Moderate confounding,258,Naive regression Y~A,3.4343125866601585,2.0,1.4343125866601585,2.0572525962517547
Moderate confounding,258,Adjusted regression Y~A+X,2.0950726224978347,2.0,0.09507262249783466,0.009038803548615778
Moderate confounding,258,IPW Hajek,2.126964387908867,2.0,0.12696438790886688,0.01611995579707322
Moderate confounding,259,Naive regression Y~A,3.279702187414139,2.0,1.2797021874141392,1.6376376884725328
Moderate confounding,259,Adjusted regression Y~A+X,1.8200957155781008,2.0,-0.1799042844218992,0.032365551553355604
Moderate confounding,259,IPW Hajek,1.8740297063823408,2.0,-0.1259702936176592,0.015868514874119274
Moderate confounding,260,Naive regression Y~A,3.4232679823650343,2.0,1.4232679823650343,2.0256917496254356
Moderate confounding,260,Adjusted regression Y~A+X,2.0252120288783964,2.0,0.025212028878396353,0.0006356464001650916
Moderate confounding,260,IPW Hajek,2.0917518895895304,2.0,0.0917518895895304,0.008418409243249377
Moderate confounding,261,Naive regression Y~A,3.3542202929464873,2.0,1.3542202929464873,1.8339126018280698
Moderate confounding,261,Adjusted regression Y~A+X,1.9756309291620275,2.0,-0.024369070837972462,0.0005938516135061199
Moderate confounding,261,IPW Hajek,1.9006855056550596,2.0,-0.09931449434494044,0.009863368786991207
Moderate confounding,262,Naive regression Y~A,3.507601946100473,2.0,1.5076019461004728,2.272863627885933
Moderate confounding,262,Adjusted regression Y~A+X,2.0076620986996763,2.0,0.0076620986996762674,5.8707756483580746e-05
Moderate confounding,262,IPW Hajek,1.9787979166820961,2.0,-0.021202083317903853,0.00044952833701933685
Moderate confounding,263,Naive regression Y~A,3.5131453357133764,2.0,1.5131453357133764,2.2896088069911467
Moderate confounding,263,Adjusted regression Y~A+X,1.9910870798692428,2.0,-0.008912920130757174,7.944014525725647e-05
Moderate confounding,263,IPW Hajek,1.8407705488116655,2.0,-0.15922945118833454,0.02535401812573821
Moderate confounding,264,Naive regression Y~A,3.59944578479591,2.0,1.5994457847959098,2.558226818501404
Moderate confounding,264,Adjusted regression Y~A+X,1.9627289320068941,2.0,-0.037271067993105866,0.0013891325093467206
Moderate confounding,264,IPW Hajek,2.007818149485732,2.0,0.007818149485732118,6.112346138125337e-05
Moderate confounding,265,Naive regression Y~A,3.4252635551406967,2.0,1.4252635551406967,2.031376201612298
Moderate confounding,265,Adjusted regression Y~A+X,1.9993069932186296,2.0,-0.0006930067813704088,4.802583990253737e-07
Moderate confounding,265,IPW Hajek,2.0565099572281333,2.0,0.056509957228133345,0.00319337526592546
Moderate confounding,266,Naive regression Y~A,3.6109198043273665,2.0,1.6109198043273665,2.5950626159741206
Moderate confounding,266,Adjusted regression Y~A+X,1.9750556235520995,2.0,-0.024944376447900485,0.0006222219163745724
Moderate confounding,266,IPW Hajek,2.1460564863206635,2.0,0.14605648632066348,0.02133249719633816
Moderate confounding,267,Naive regression Y~A,3.5503970492217487,2.0,1.5503970492217487,2.4037310102355054
Moderate confounding,267,Adjusted regression Y~A+X,1.9156865930396891,2.0,-0.08431340696031087,0.007108750593254997
Moderate confounding,267,IPW Hajek,1.8947580451124049,2.0,-0.10524195488759513,0.011075869068562609
Moderate confounding,268,Naive regression Y~A,3.632742026119273,2.0,1.6327420261192729,2.6658465238560685
Moderate confounding,268,Adjusted regression Y~A+X,2.0106155857521477,2.0,0.010615585752147716,0.00011269066086120158
Moderate confounding,268,IPW Hajek,1.9335340327294983,2.0,-0.06646596727050169,0.004417724805203402
Moderate confounding,269,Naive regression Y~A,3.4817099800537563,2.0,1.4817099800537563,2.195464464990903
Moderate confounding,269,Adjusted regression Y~A+X,2.000943796748421,2.0,0.0009437967484209331,8.907523023299261e-07
Moderate confounding,269,IPW Hajek,2.157682572071107,2.0,0.1576825720711068,0.024863793534959794
Moderate confounding,270,Naive regression Y~A,3.5513319804165064,2.0,1.5513319804165064,2.4066309134629997
Moderate confounding,270,Adjusted regression Y~A+X,2.026697985444282,2.0,0.026697985444282146,0.0007127824267831014
Moderate confounding,270,IPW Hajek,1.9969059392310187,2.0,-0.0030940607689813326,9.573212042149355e-06
Moderate confounding,271,Naive regression Y~A,3.5543555726990035,2.0,1.5543555726990035,2.416021246380447
Moderate confounding,271,Adjusted regression Y~A+X,1.8955694667630625,2.0,-0.10443053323693752,0.010905736272151112
Moderate confounding,271,IPW Hajek,1.9782113792106457,2.0,-0.021788620789354285,0.0004747439959022817
Moderate confounding,272,Naive regression Y~A,3.387821089128557,2.0,1.3878210891285572,1.9260473754299747
Moderate confounding,272,Adjusted regression Y~A+X,2.0360414187135323,2.0,0.03604141871353228,0.0012989838628841548
Moderate confounding,272,IPW Hajek,2.0859601496008553,2.0,0.0859601496008553,0.007389147319401423
Moderate confounding,273,Naive regression Y~A,3.499636912279347,2.0,1.499636912279347,2.2489108686707335
Moderate confounding,273,Adjusted regression Y~A+X,2.0474231810955477,2.0,0.04742318109554766,0.0022489581052211093
Moderate confounding,273,IPW Hajek,2.148172837220244,2.0,0.148172837220244,0.021955189689896924
Moderate confounding,274,Naive regression Y~A,3.3938353073140366,2.0,1.3938353073140366,1.9427768639152148
Moderate confounding,274,Adjusted regression Y~A+X,1.957990465696405,2.0,-0.04200953430359511,0.001764800972404934
Moderate confounding,274,IPW Hajek,1.9439103742460389,2.0,-0.05608962575396115,0.0031460461172194217
Moderate confounding,275,Naive regression Y~A,3.4658876817394626,2.0,1.4658876817394626,2.148826695475496
Moderate confounding,275,Adjusted regression Y~A+X,1.9584594079600948,2.0,-0.04154059203990523,0.001725620787025838
Moderate confounding,275,IPW Hajek,2.0592523260685223,2.0,0.059252326068522265,0.003510838144530483
Moderate confounding,276,Naive regression Y~A,3.3865047964862565,2.0,1.3865047964862565,1.9223955506793955
Moderate confounding,276,Adjusted regression Y~A+X,1.8849247800517939,2.0,-0.11507521994820613,0.013242306246128018
Moderate confounding,276,IPW Hajek,1.8075860742899272,2.0,-0.19241392571007276,0.0370231188071614
Moderate confounding,277,Naive regression Y~A,3.3138309548506255,2.0,1.3138309548506255,1.7261517779237063
Moderate confounding,277,Adjusted regression Y~A+X,1.8824501878316517,2.0,-0.11754981216834826,0.013817958340813955
Moderate confounding,277,IPW Hajek,1.8706753095899769,2.0,-0.12932469041002315,0.016724875549648334
Moderate confounding,278,Naive regression Y~A,3.344788869005658,2.0,1.344788869005658,1.8084571022015168
Moderate confounding,278,Adjusted regression Y~A+X,1.909349394141195,2.0,-0.09065060585880502,0.008217532342568416
Moderate confounding,278,IPW Hajek,1.967829008854774,2.0,-0.032170991145225925,0.0010349726712662048
Moderate confounding,279,Naive regression Y~A,3.3925473149156096,2.0,1.3925473149156096,1.9391880242786739
Moderate confounding,279,Adjusted regression Y~A+X,1.9227809312851285,2.0,-0.0772190687148715,0.005962784573192046
Moderate confounding,279,IPW Hajek,2.0289950399313357,2.0,0.028995039931335675,0.0008407123406197504
Moderate confounding,280,Naive regression Y~A,3.530317891550567,2.0,1.5303178915505669,2.3418728491997727
Moderate confounding,280,Adjusted regression Y~A+X,1.9926591283646578,2.0,-0.00734087163534225,5.38883963665724e-05
Moderate confounding,280,IPW Hajek,1.9606434385105422,2.0,-0.039356561489457764,0.00154893893227347
Moderate confounding,281,Naive regression Y~A,3.497361050479503,2.0,1.497361050479503,2.2420901154930806
Moderate confounding,281,Adjusted regression Y~A+X,1.9784946602494593,2.0,-0.021505339750540697,0.0004624796377861858
Moderate confounding,281,IPW Hajek,2.043012832458394,2.0,0.043012832458393824,0.0018501037560938573
Moderate confounding,282,Naive regression Y~A,3.3266539749054966,2.0,1.3266539749054966,1.7600107691325542
Moderate confounding,282,Adjusted regression Y~A+X,1.8450507257792295,2.0,-0.15494927422077054,0.024009277581543545
Moderate confounding,282,IPW Hajek,1.9276812776329901,2.0,-0.07231872236700987,0.005229997604796654
Moderate confounding,283,Naive regression Y~A,3.40151706093091,2.0,1.4015170609309102,1.9642500720804168
Moderate confounding,283,Adjusted regression Y~A+X,1.980011095084658,2.0,-0.01998890491534211,0.00039955631971458794
Moderate confounding,283,IPW Hajek,2.0644370483724073,2.0,0.06443704837240727,0.004152133202947954
Moderate confounding,284,Naive regression Y~A,3.5004378846173445,2.0,1.5004378846173445,2.2513138455949715
Moderate confounding,284,Adjusted regression Y~A+X,2.030053973132807,2.0,0.030053973132806888,0.0009032413010674783
Moderate confounding,284,IPW Hajek,2.077705876978238,2.0,0.07770587697823794,0.00603820331695705
Moderate confounding,285,Naive regression Y~A,3.4883148682297276,2.0,1.4883148682297276,2.2150811469936715
Moderate confounding,285,Adjusted regression Y~A+X,2.0805028246457775,2.0,0.08050282464577752,0.006480704775948804
Moderate confounding,285,IPW Hajek,1.7772150728211642,2.0,-0.2227849271788358,0.04963312377807917
Moderate confounding,286,Naive regression Y~A,3.405564627204886,2.0,1.4055646272048858,1.9756119212496097
Moderate confounding,286,Adjusted regression Y~A+X,1.88609120527747,2.0,-0.1139087947225299,0.012975213515139456
Moderate confounding,286,IPW Hajek,1.84037000722758,2.0,-0.15962999277242007,0.025481734592522884
Moderate confounding,287,Naive regression Y~A,3.4100403739768135,2.0,1.4100403739768135,1.988213856244672
Moderate confounding,287,Adjusted regression Y~A+X,2.0254186678656274,2.0,0.02541866786562741,0.0006461086760630795
Moderate confounding,287,IPW Hajek,2.072149093020532,2.0,0.07214909302053218,0.005205491623685406
Moderate confounding,288,Naive regression Y~A,3.2021493842127104,2.0,1.2021493842127104,1.4451631419629989
Moderate confounding,288,Adjusted regression Y~A+X,1.9047416411416453,2.0,-0.09525835885835465,0.009074154932387075
Moderate confounding,288,IPW Hajek,1.8955610862309469,2.0,-0.10443891376905312,0.010907486709259714
Moderate confounding,289,Naive regression Y~A,3.3986309037108438,2.0,1.3986309037108438,1.9561684048150114
Moderate confounding,289,Adjusted regression Y~A+X,1.9829925525870697,2.0,-0.017007447412930254,0.000289253267503588
Moderate confounding,289,IPW Hajek,1.8485965983265606,2.0,-0.15140340167343935,0.022922990038288817
Moderate confounding,290,Naive regression Y~A,3.404778697740968,2.0,1.404778697740968,1.9734031896268098
Moderate confounding,290,Adjusted regression Y~A+X,1.9284543595307342,2.0,-0.07154564046926581,0.005118778670157446
Moderate confounding,290,IPW Hajek,1.966066451871663,2.0,-0.03393354812833693,0.001151485688578159
Moderate confounding,291,Naive regression Y~A,3.4601829147420964,2.0,1.4601829147420964,2.1321341445047244
Moderate confounding,291,Adjusted regression Y~A+X,2.0309845097759114,2.0,0.030984509775911384,0.0009600398460535482
Moderate confounding,291,IPW Hajek,2.072262005720404,2.0,0.07226200572040398,0.005221797470735697
Moderate confounding,292,Naive regression Y~A,3.4797673353874448,2.0,1.4797673353874448,2.1897113668796586
Moderate confounding,292,Adjusted regression Y~A+X,1.9642868789382157,2.0,-0.03571312106178426,0.0012754270159736584
Moderate confounding,292,IPW Hajek,2.09287258852496,2.0,0.09287258852496016,0.008625317699326562
Moderate confounding,293,Naive regression Y~A,3.511374795827802,2.0,1.5113747958278019,2.2842537734635298
Moderate confounding,293,Adjusted regression Y~A+X,2.0161855432789233,2.0,0.016185543278923298,0.0002619718112338991
Moderate confounding,293,IPW Hajek,2.0838974139645634,2.0,0.0838974139645634,0.007038776069941318
Moderate confounding,294,Naive regression Y~A,3.7774680666438822,2.0,1.7774680666438822,3.1593927279387404
Moderate confounding,294,Adjusted regression Y~A+X,2.0591243722735686,2.0,0.05912437227356859,0.0034956913967435265
Moderate confounding,294,IPW Hajek,2.1128130210817053,2.0,0.11281302108170532,0.01272677772558129
Moderate confounding,295,Naive regression Y~A,3.428429991174858,2.0,1.4284299911748581,2.0404122396878055
Moderate confounding,295,Adjusted regression Y~A+X,2.0116715660498943,2.0,0.011671566049894277,0.00013622545405704472
Moderate confounding,295,IPW Hajek,2.1543929359490472,2.0,0.15439293594904724,0.023837178670966602
Moderate confounding,296,Naive regression Y~A,3.543439607791942,2.0,1.543439607791942,2.3822058229009433
Moderate confounding,296,Adjusted regression Y~A+X,2.008419281432769,2.0,0.008419281432769044,7.088429984416956e-05
Moderate confounding,296,IPW Hajek,1.9970278212777104,2.0,-0.002972178722289609,8.833846357231093e-06
Moderate confounding,297,Naive regression Y~A,3.4531040606497148,2.0,1.4531040606497148,2.1115114110766897
Moderate confounding,297,Adjusted regression Y~A+X,2.0435850292989355,2.0,0.043585029298935485,0.0018996547789890646
Moderate confounding,297,IPW Hajek,2.2211060303720567,2.0,0.22110603037205667,0.048887876666888846
Moderate confounding,298,Naive regression Y~A,3.1662815852923654,2.0,1.1662815852923654,1.3602127361920728
Moderate confounding,298,Adjusted regression Y~A+X,1.9363165493465575,2.0,-0.0636834506534425,0.004055581887129445
Moderate confounding,298,IPW Hajek,1.9111005971739323,2.0,-0.08889940282606767,0.007903103822831449
Moderate confounding,299,Naive regression Y~A,3.541575943330624,2.0,1.5415759433306242,2.3764563890557038
Moderate confounding,299,Adjusted regression Y~A+X,2.060895016917912,2.0,0.06089501691791188,0.0037082030854327743
Moderate confounding,299,IPW Hajek,2.0896047039078764,2.0,0.08960470390787645,0.00802900296241821
Poor positivity,0,Naive regression Y~A,4.158348860128316,2.0,2.1583488601283163,4.658469802017202
Poor positivity,0,Adjusted regression Y~A+X,1.9317141349323423,2.0,-0.06828586506765766,0.0046629593680383484
Poor positivity,0,IPW Hajek,2.5790420911162366,2.0,0.5790420911162366,0.3352897432842641
Poor positivity,1,Naive regression Y~A,4.1773649442034095,2.0,2.1773649442034095,4.740918100245917
Poor positivity,1,Adjusted regression Y~A+X,1.9496161995116223,2.0,-0.05038380048837765,0.002538527351652644
Poor positivity,1,IPW Hajek,2.756955755477145,2.0,0.7569557554771449,0.5729820157499752
Poor positivity,2,Naive regression Y~A,3.9799514992432368,2.0,1.9799514992432368,3.920207939355541
Poor positivity,2,Adjusted regression Y~A+X,1.973474271369648,2.0,-0.026525728630351963,0.0007036142793710739
Poor positivity,2,IPW Hajek,1.4920669101255495,2.0,-0.5079330898744505,0.2579960237894066
Poor positivity,3,Naive regression Y~A,4.2957807035630875,2.0,2.2957807035630875,5.270609038852625
Poor positivity,3,Adjusted regression Y~A+X,2.2017545151021682,2.0,0.20175451510216824,0.04070488436411103
Poor positivity,3,IPW Hajek,2.9972686202625805,2.0,0.9972686202625805,0.9945447009604309
Poor positivity,4,Naive regression Y~A,4.195727103410412,2.0,2.1957271034104124,4.82121751265108
Poor positivity,4,Adjusted regression Y~A+X,2.044404329112386,2.0,0.0444043291123859,0.001971744443921082
Poor positivity,4,IPW Hajek,2.3705920243372143,2.0,0.3705920243372143,0.1373384485023544
Poor positivity,5,Naive regression Y~A,4.306001755269075,2.0,2.306001755269075,5.317644095304055
Poor positivity,5,Adjusted regression Y~A+X,2.104833110681233,2.0,0.1048331106812328,0.010989981095103607
Poor positivity,5,IPW Hajek,2.7462982763445085,2.0,0.7462982763445085,0.5569611172747844
Poor positivity,6,Naive regression Y~A,4.153915401190977,2.0,2.153915401190977,4.639351555487687
Poor positivity,6,Adjusted regression Y~A+X,2.0389854643481495,2.0,0.038985464348149534,0.0015198664304408385
Poor positivity,6,IPW Hajek,2.256242247035767,2.0,0.2562422470357668,0.06566008916593895
Poor positivity,7,Naive regression Y~A,4.2137327611615705,2.0,2.2137327611615705,4.900612737840031
Poor positivity,7,Adjusted regression Y~A+X,1.9905269882585763,2.0,-0.009473011741423676,8.973795145315083e-05
Poor positivity,7,IPW Hajek,1.3254192859091025,2.0,-0.6745807140908975,0.4550591398233852
Poor positivity,8,Naive regression Y~A,4.234964921156591,2.0,2.2349649211565907,4.995068198800486
Poor positivity,8,Adjusted regression Y~A+X,1.9914015779880285,2.0,-0.008598422011971474,7.393286109595556e-05
Poor positivity,8,IPW Hajek,2.904131381366323,2.0,0.904131381366323,0.8174535547713754
Poor positivity,9,Naive regression Y~A,4.268349338693246,2.0,2.2683493386932456,5.145408722350084
Poor positivity,9,Adjusted regression Y~A+X,2.115290133365195,2.0,0.11529013336519478,0.013291814851364398
Poor positivity,9,IPW Hajek,2.27899790104855,2.0,0.27899790104854993,0.07783982878949645
Poor positivity,10,Naive regression Y~A,4.118558769725199,2.0,2.1185587697251993,4.48829126077955
Poor positivity,10,Adjusted regression Y~A+X,2.0558523597365803,2.0,0.055852359736580315,0.003119486088144378
Poor positivity,10,IPW Hajek,2.621267985386043,2.0,0.621267985386043,0.38597390966563255
Poor positivity,11,Naive regression Y~A,4.26486336044503,2.0,2.2648633604450303,5.129606041486356
Poor positivity,11,Adjusted regression Y~A+X,1.9264933524548264,2.0,-0.07350664754517355,0.005403227233330369
Poor positivity,11,IPW Hajek,2.371525776456111,2.0,0.37152577645611107,0.13803140257131621
Poor positivity,12,Naive regression Y~A,4.009134543772084,2.0,2.009134543772084,4.03662161497826
Poor positivity,12,Adjusted regression Y~A+X,2.0001734308052503,2.0,0.00017343080525034082,3.0078244209781644e-08
Poor positivity,12,IPW Hajek,2.653672537439954,2.0,0.6536725374399541,0.42728778620318825
Poor positivity,13,Naive regression Y~A,4.204211305249451,2.0,2.2042113052494514,4.85854747818949
Poor positivity,13,Adjusted regression Y~A+X,1.9114587406024772,2.0,-0.08854125939752278,0.007839554615699415
Poor positivity,13,IPW Hajek,2.845016909688261,2.0,0.8450169096882609,0.7140535776590985
Poor positivity,14,Naive regression Y~A,4.163363893772597,2.0,2.1633638937725967,4.680143336878931
Poor positivity,14,Adjusted regression Y~A+X,2.0430240440738996,2.0,0.04302404407389959,0.0018510683684728546
Poor positivity,14,IPW Hajek,2.307556211852126,2.0,0.307556211852126,0.09459082344882981
Poor positivity,15,Naive regression Y~A,4.298698758068812,2.0,2.298698758068812,5.284015980347099
Poor positivity,15,Adjusted regression Y~A+X,2.1024488583980263,2.0,0.10244885839802631,0.010495768587058847
Poor positivity,15,IPW Hajek,3.164535103455353,2.0,1.164535103455353,1.3561420071797698
Poor positivity,16,Naive regression Y~A,4.324061636119195,2.0,2.324061636119195,5.40126248848103
Poor positivity,16,Adjusted regression Y~A+X,2.067730848308865,2.0,0.067730848308865,0.00458746781263848
Poor positivity,16,IPW Hajek,2.242629452138945,2.0,0.24262945213894493,0.05886905104524457
Poor positivity,17,Naive regression Y~A,4.234270913891639,2.0,2.2342709138916392,4.991966516662181
Poor positivity,17,Adjusted regression Y~A+X,1.892868806602871,2.0,-0.10713119339712907,0.01147709259869307
Poor positivity,17,IPW Hajek,2.9366597208724885,2.0,0.9366597208724885,0.8773314327049281
Poor positivity,18,Naive regression Y~A,4.1714958225453795,2.0,2.1714958225453795,4.715394107332035
Poor positivity,18,Adjusted regression Y~A+X,2.004178416293101,2.0,0.004178416293100895,1.7459162718451025e-05
Poor positivity,18,IPW Hajek,2.8117280455123828,2.0,0.8117280455123828,0.6589024198713529
Poor positivity,19,Naive regression Y~A,4.254288121038689,2.0,2.254288121038689,5.081814932656144
Poor positivity,19,Adjusted regression Y~A+X,2.110405615223013,2.0,0.11040561522301306,0.012189399872772014
Poor positivity,19,IPW Hajek,2.8770039529416973,2.0,0.8770039529416973,0.7691359334753628
Poor positivity,20,Naive regression Y~A,4.206364753710322,2.0,2.2063647537103224,4.868045426415211
Poor positivity,20,Adjusted regression Y~A+X,2.096592271126023,2.0,0.0965922711260232,0.009330066841283175
Poor positivity,20,IPW Hajek,2.7629162318871656,2.0,0.7629162318871656,0.5820411768769115
Poor positivity,21,Naive regression Y~A,4.102551167157972,2.0,2.102551167157972,4.42072141051735
Poor positivity,21,Adjusted regression Y~A+X,1.9411587733620934,2.0,-0.058841226637906585,0.0034622899522534873
Poor positivity,21,IPW Hajek,2.1370188199909896,2.0,0.13701881999098964,0.01877415703172322
Poor positivity,22,Naive regression Y~A,4.101106535079325,2.0,2.1011065350793254,4.414648671753048
Poor positivity,22,Adjusted regression Y~A+X,1.831044921754914,2.0,-0.16895507824508593,0.02854581846480311
Poor positivity,22,IPW Hajek,2.179104068454466,2.0,0.1791040684544658,0.032078267336941975
Poor positivity,23,Naive regression Y~A,4.206164313659772,2.0,2.206164313659772,4.867160978865893
Poor positivity,23,Adjusted regression Y~A+X,2.0305113683059726,2.0,0.030511368305972564,0.0009309435959027071
Poor positivity,23,IPW Hajek,3.0484340592496078,2.0,1.0484340592496078,1.09921397659461
Poor positivity,24,Naive regression Y~A,4.054305119260337,2.0,2.054305119260337,4.220169523019227
Poor positivity,24,Adjusted regression Y~A+X,1.8770585200926493,2.0,-0.12294147990735071,0.01511460748180952
Poor positivity,24,IPW Hajek,2.54002458320099,2.0,0.54002458320099,0.29162655046140296
Poor positivity,25,Naive regression Y~A,4.232038818572846,2.0,2.232038818572846,4.981997287616067
Poor positivity,25,Adjusted regression Y~A+X,2.175210330348613,2.0,0.17521033034861322,0.030698659860870173
Poor positivity,25,IPW Hajek,2.8808003779664038,2.0,0.8808003779664038,0.7758093058257597
Poor positivity,26,Naive regression Y~A,4.3338416670446165,2.0,2.3338416670446165,5.446816926833595
Poor positivity,26,Adjusted regression Y~A+X,2.134182122978399,2.0,0.13418212297839904,0.018004842126990203
Poor positivity,26,IPW Hajek,3.1854262602413117,2.0,1.1854262602413117,1.405235418469702
Poor positivity,27,Naive regression Y~A,4.187720760557659,2.0,2.187720760557659,4.786122126174983
Poor positivity,27,Adjusted regression Y~A+X,2.001946622610398,2.0,0.00194662261039813,3.7893395873132294e-06
Poor positivity,27,IPW Hajek,2.3504149414510347,2.0,0.3504149414510347,0.12279063119213207
Poor positivity,28,Naive regression Y~A,4.205551340002605,2.0,2.2055513400026054,4.8644567133872885
Poor positivity,28,Adjusted regression Y~A+X,2.006780581587989,2.0,0.0067805815879888875,4.5976286671373903e-05
Poor positivity,28,IPW Hajek,2.602414273579986,2.0,0.6024142735799858,0.36290295701290193
Poor positivity,29,Naive regression Y~A,4.245920282215269,2.0,2.245920282215269,5.044157914065913
Poor positivity,29,Adjusted regression Y~A+X,2.201412190278387,2.0,0.2014121902783872,0.04056687039273725
Poor positivity,29,IPW Hajek,2.7670984907258727,2.0,0.7670984907258727,0.5884400944739118
Poor positivity,30,Naive regression Y~A,4.136650801832468,2.0,2.1366508018324684,4.56527664897133
Poor positivity,30,Adjusted regression Y~A+X,1.9805065624863905,2.0,-0.019493437513609546,0.0003799941060969999
Poor positivity,30,IPW Hajek,2.616476196554916,2.0,0.6164761965549159,0.3800429009188153
Poor positivity,31,Naive regression Y~A,4.1315117189302795,2.0,2.1315117189302795,4.543342207937115
Poor positivity,31,Adjusted regression Y~A+X,1.9080603744362639,2.0,-0.09193962556373614,0.008452894748800004
Poor positivity,31,IPW Hajek,2.6103672997879017,2.0,0.6103672997879017,0.3725482406503743
Poor positivity,32,Naive regression Y~A,4.235845107277585,2.0,2.2358451072775853,4.999003343737117
Poor positivity,32,Adjusted regression Y~A+X,1.9540130837700864,2.0,-0.04598691622991358,0.0021147964643370887
Poor positivity,32,IPW Hajek,0.9335689281116882,2.0,-1.0664310718883119,1.1372752310888539
Poor positivity,33,Naive regression Y~A,4.194252308803379,2.0,2.194252308803379,4.814743194688959
Poor positivity,33,Adjusted regression Y~A+X,2.084949648775266,2.0,0.0849496487752659,0.007216442827041035
Poor positivity,33,IPW Hajek,2.016383414930983,2.0,0.016383414930983164,0.0002684162848007621
Poor positivity,34,Naive regression Y~A,4.174690808284208,2.0,2.1746908082842076,4.72928011163582
Poor positivity,34,Adjusted regression Y~A+X,1.9829023394359302,2.0,-0.017097660564069805,0.0002923299967641478
Poor positivity,34,IPW Hajek,2.8430079193399593,2.0,0.8430079193399593,0.7106623520698874
Poor positivity,35,Naive regression Y~A,4.245873192326372,2.0,2.245873192326372,5.0439463960102495
Poor positivity,35,Adjusted regression Y~A+X,2.142142214417807,2.0,0.14214221441780683,0.020204409119597772
Poor positivity,35,IPW Hajek,2.660180031047059,2.0,0.6601800310470591,0.435837673393296
Poor positivity,36,Naive regression Y~A,4.094361451420938,2.0,2.094361451420938,4.386349889198018
Poor positivity,36,Adjusted regression Y~A+X,2.0685230188258554,2.0,0.06852301882585543,0.004695404109008538
Poor positivity,36,IPW Hajek,2.39932495467401,2.0,0.3993249546740101,0.1594604194254002
Poor positivity,37,Naive regression Y~A,4.326564114285316,2.0,2.3265641142853157,5.412900577880215
Poor positivity,37,Adjusted regression Y~A+X,2.228910841863014,2.0,0.22891084186301391,0.052400173522433764
Poor positivity,37,IPW Hajek,1.6888065698960364,2.0,-0.3111934301039636,0.09684135093987048
Poor positivity,38,Naive regression Y~A,4.256365084223164,2.0,2.256365084223164,5.091183393301407
Poor positivity,38,Adjusted regression Y~A+X,1.9929563224149696,2.0,-0.007043677585030439,4.9613393921860233e-05
Poor positivity,38,IPW Hajek,2.7548663478773427,2.0,0.7548663478773427,0.5698232031576774
Poor positivity,39,Naive regression Y~A,4.219790258477317,2.0,2.2197902584773166,4.927468791630792
Poor positivity,39,Adjusted regression Y~A+X,1.9557514995811314,2.0,-0.04424850041886863,0.001957929789318617
Poor positivity,39,IPW Hajek,2.119876517381336,2.0,0.11987651738133609,0.014370379419477773
Poor positivity,40,Naive regression Y~A,4.174996721065961,2.0,2.174996721065961,4.730610736647681
Poor positivity,40,Adjusted regression Y~A+X,1.8660906585840786,2.0,-0.13390934141592137,0.017931711718445795
Poor positivity,40,IPW Hajek,2.9296692537992373,2.0,0.9296692537992373,0.8642849214596307
Poor positivity,41,Naive regression Y~A,4.256434488314994,2.0,2.2564344883149943,5.09149660005735
Poor positivity,41,Adjusted regression Y~A+X,2.0063024181403133,2.0,0.006302418140313293,3.972047441535006e-05
Poor positivity,41,IPW Hajek,2.3413448741921927,2.0,0.3413448741921927,0.11651632313728388
Poor positivity,42,Naive regression Y~A,4.13193328269422,2.0,2.13193328269422,4.545139521859354
Poor positivity,42,Adjusted regression Y~A+X,1.975504473907097,2.0,-0.024495526092902953,0.0006000307985680894
Poor positivity,42,IPW Hajek,2.645274605737835,2.0,0.6452746057378351,0.4163793168101186
Poor positivity,43,Naive regression Y~A,4.2447476819850545,2.0,2.2447476819850545,5.038892155777275
Poor positivity,43,Adjusted regression Y~A+X,1.9122409850735378,2.0,-0.08775901492646221,0.007701644700863017
Poor positivity,43,IPW Hajek,2.636179931440631,2.0,0.6361799314406311,0.4047249051678061
Poor positivity,44,Naive regression Y~A,4.233524967119962,2.0,2.233524967119962,4.988633778748227
Poor positivity,44,Adjusted regression Y~A+X,1.95294868538605,2.0,-0.04705131461394996,0.002213826206900901
Poor positivity,44,IPW Hajek,2.519969566685556,2.0,0.5199695666855559,0.2703683502791648
Poor positivity,45,Naive regression Y~A,4.256161754982757,2.0,2.256161754982757,5.090265864646874
Poor positivity,45,Adjusted regression Y~A+X,2.026586348319975,2.0,0.026586348319975084,0.0007068339169910419
Poor positivity,45,IPW Hajek,2.58506087519638,2.0,0.5850608751963802,0.34229622768555434
Poor positivity,46,Naive regression Y~A,4.134244053294624,2.0,2.1342440532946236,4.554997679023464
Poor positivity,46,Adjusted regression Y~A+X,2.0014529569218977,2.0,0.00145295692189773,2.1110838168905266e-06
Poor positivity,46,IPW Hajek,2.54925232497643,2.0,0.5492523249764298,0.3016781164920137
Poor positivity,47,Naive regression Y~A,4.305938027829189,2.0,2.305938027829189,5.31735018818877
Poor positivity,47,Adjusted regression Y~A+X,2.0301275783694592,2.0,0.03012757836945923,0.0009076709784079076
Poor positivity,47,IPW Hajek,2.844808427412388,2.0,0.8448084274123882,0.7137012790269923
Poor positivity,48,Naive regression Y~A,4.235920779016321,2.0,2.235920779016321,4.999341730036951
Poor positivity,48,Adjusted regression Y~A+X,2.183953968682558,2.0,0.18395396868255798,0.033839062594063524
Poor positivity,48,IPW Hajek,2.7703194050742863,2.0,0.7703194050742863,0.5933919858340024
Poor positivity,49,Naive regression Y~A,4.129263716779859,2.0,2.1292637167798594,4.533763975595181
Poor positivity,49,Adjusted regression Y~A+X,1.9648298009047807,2.0,-0.035170199095219346,0.0012369429043973677
Poor positivity,49,IPW Hajek,1.5650488767539983,2.0,-0.4349511232460017,0.18918247961295856
Poor positivity,50,Naive regression Y~A,4.366248939480272,2.0,2.366248939480272,5.599134043591512
Poor positivity,50,Adjusted regression Y~A+X,1.8814703255628518,2.0,-0.11852967443714824,0.014049283722176353
Poor positivity,50,IPW Hajek,2.554875758678277,2.0,0.5548757586782771,0.3078871075687936
Poor positivity,51,Naive regression Y~A,4.240832890922548,2.0,2.2408328909225483,5.021332045040306
Poor positivity,51,Adjusted regression Y~A+X,2.005572692223451,2.0,0.005572692223450915,3.10548986173103e-05
Poor positivity,51,IPW Hajek,2.8875511624850363,2.0,0.8875511624850363,0.7877470660285393
Poor positivity,52,Naive regression Y~A,4.203812725599855,2.0,2.203812725599855,4.8567905295158615
Poor positivity,52,Adjusted regression Y~A+X,2.013510852971606,2.0,0.013510852971605924,0.00018254314802035264
Poor positivity,52,IPW Hajek,2.795947455853698,2.0,0.7959474558536979,0.6335323524799743
Poor positivity,53,Naive regression Y~A,4.189126532654148,2.0,2.1891265326541482,4.792274975970374
Poor positivity,53,Adjusted regression Y~A+X,1.9890759066520938,2.0,-0.010924093347906227,0.00011933581547376909
Poor positivity,53,IPW Hajek,-0.02926672219346038,2.0,-2.0292667221934604,4.117923429801791
Poor positivity,54,Naive regression Y~A,4.28300736202091,2.0,2.2830073620209097,5.212122615041673
Poor positivity,54,Adjusted regression Y~A+X,1.9852451531153394,2.0,-0.014754846884660555,0.0002177055065897773
Poor positivity,54,IPW Hajek,2.694134287749104,2.0,0.6941342877491041,0.4818224094289561
Poor positivity,55,Naive regression Y~A,4.188536155412,2.0,2.1885361554119998,4.789690503545537
Poor positivity,55,Adjusted regression Y~A+X,2.042969895967332,2.0,0.04296989596733214,0.0018464119594433469
Poor positivity,55,IPW Hajek,1.94145596200301,2.0,-0.05854403799698993,0.0034274043849930004
Poor positivity,56,Naive regression Y~A,4.182301837786736,2.0,2.182301837786736,4.762441311207365
Poor positivity,56,Adjusted regression Y~A+X,1.9605254978704256,2.0,-0.039474502129574374,0.0015582363183777718
Poor positivity,56,IPW Hajek,1.7083888935616218,2.0,-0.2916111064383782,0.08503703739821512
Poor positivity,57,Naive regression Y~A,4.0415865735703305,2.0,2.0415865735703305,4.168075737382642
Poor positivity,57,Adjusted regression Y~A+X,1.8575935302405475,2.0,-0.14240646975945248,0.020279602629349854
Poor positivity,57,IPW Hajek,1.9310053919159536,2.0,-0.06899460808404645,0.004760255944671167
Poor positivity,58,Naive regression Y~A,4.130804934848954,2.0,2.130804934848954,4.540329670376656
Poor positivity,58,Adjusted regression Y~A+X,2.0709839541264246,2.0,0.07098395412642455,0.005038721743422346
Poor positivity,58,IPW Hajek,2.604054985657972,2.0,0.6040549856579722,0.364882425698253
Poor positivity,59,Naive regression Y~A,4.2542215527202805,2.0,2.2542215527202805,5.081514808748632
Poor positivity,59,Adjusted regression Y~A+X,2.0495194339392753,2.0,0.04951943393927527,0.0024521743376662475
Poor positivity,59,IPW Hajek,2.668203265883924,2.0,0.6682032658839239,0.44649560453794185
Poor positivity,60,Naive regression Y~A,4.241413378747409,2.0,2.241413378747409,5.023933934427876
Poor positivity,60,Adjusted regression Y~A+X,2.017341464269379,2.0,0.017341464269378992,0.00030072638300614825
Poor positivity,60,IPW Hajek,2.9233189086184757,2.0,0.9233189086184757,0.852517807012413
Poor positivity,61,Naive regression Y~A,4.206899480925407,2.0,2.206899480925407,4.870405318908831
Poor positivity,61,Adjusted regression Y~A+X,2.0224143866992184,2.0,0.022414386699218358,0.0005024047311020969
Poor positivity,61,IPW Hajek,2.8350901966094733,2.0,0.8350901966094733,0.6973756364732487
Poor positivity,62,Naive regression Y~A,3.948897637021435,2.0,1.9488976370214348,3.7982019995877323
Poor positivity,62,Adjusted regression Y~A+X,1.8679906552540346,2.0,-0.13200934474596537,0.017426467100259135
Poor positivity,62,IPW Hajek,2.682382491921991,2.0,0.6823824919219912,0.46564586528166635
Poor positivity,63,Naive regression Y~A,3.99472327684882,2.0,1.99472327684882,3.9789209512024937
Poor positivity,63,Adjusted regression Y~A+X,1.8701700606902136,2.0,-0.12982993930978637,0.016855813141182813
Poor positivity,63,IPW Hajek,2.4061601772270604,2.0,0.40616017722706044,0.16496608956511713
Poor positivity,64,Naive regression Y~A,4.345470429008607,2.0,2.345470429008607,5.5012315333538195
Poor positivity,64,Adjusted regression Y~A+X,2.003540878695507,2.0,0.0035408786955071214,1.2537821936296215e-05
Poor positivity,64,IPW Hajek,0.04037718345173397,2.0,-1.959622816548266,3.8401215831365594
Poor positivity,65,Naive regression Y~A,4.006353520851784,2.0,2.0063535208517838,4.025454450634349
Poor positivity,65,Adjusted regression Y~A+X,1.7603807530478,2.0,-0.23961924695220005,0.05741738350993943
Poor positivity,65,IPW Hajek,2.5722555741245796,2.0,0.5722555741245796,0.3274764421166522
Poor positivity,66,Naive regression Y~A,4.197718260343839,2.0,2.197718260343839,4.82996555184875
Poor positivity,66,Adjusted regression Y~A+X,1.9352032843969058,2.0,-0.06479671560309419,0.00419861435294827
Poor positivity,66,IPW Hajek,2.4764998756086922,2.0,0.4764998756086922,0.22705213145509917
Poor positivity,67,Naive regression Y~A,3.9976207387160323,2.0,1.9976207387160323,3.9904886157483865
Poor positivity,67,Adjusted regression Y~A+X,1.9329868926125156,2.0,-0.06701310738748445,0.004490756561726523
Poor positivity,67,IPW Hajek,2.3755346834050206,2.0,0.3755346834050206,0.14102629844010905
Poor positivity,68,Naive regression Y~A,4.115789745324303,2.0,2.115789745324303,4.4765662464194795
Poor positivity,68,Adjusted regression Y~A+X,1.8016142699169768,2.0,-0.19838573008302318,0.03935689790057413
Poor positivity,68,IPW Hajek,2.3106711182154225,2.0,0.3106711182154225,0.096516543693221
Poor positivity,69,Naive regression Y~A,4.22704827615847,2.0,2.2270482761584702,4.959744024340414
Poor positivity,69,Adjusted regression Y~A+X,2.078064650110433,2.0,0.07806465011043295,0.00609408959686432
Poor positivity,69,IPW Hajek,0.09307392008018,2.0,-1.90692607991982,3.636367074278372
Poor positivity,70,Naive regression Y~A,4.039106396703499,2.0,2.039106396703499,4.1579548970771265
Poor positivity,70,Adjusted regression Y~A+X,1.848509531331851,2.0,-0.15149046866814908,0.022949362097295457
Poor positivity,70,IPW Hajek,2.564330490573234,2.0,0.564330490573234,0.318468902590627
Poor positivity,71,Naive regression Y~A,4.217032776888468,2.0,2.217032776888468,4.915234333797791
Poor positivity,71,Adjusted regression Y~A+X,1.9315547129118082,2.0,-0.06844528708819175,0.0046847573245849886
Poor positivity,71,IPW Hajek,2.9146243141141817,2.0,0.9146243141141817,0.8365376359688372
Poor positivity,72,Naive regression Y~A,4.366789676312343,2.0,2.366789676312343,5.601693371898684
Poor positivity,72,Adjusted regression Y~A+X,2.0885551662399284,2.0,0.08855516623992843,0.00784201746778136
Poor positivity,72,IPW Hajek,3.1748330506877656,2.0,1.1748330506877656,1.3802326969883218
Poor positivity,73,Naive regression Y~A,4.093009432564945,2.0,2.093009432564945,4.380688484805834
Poor positivity,73,Adjusted regression Y~A+X,1.804833111589692,2.0,-0.19516688841030794,0.03809011433176159
Poor positivity,73,IPW Hajek,2.7959972907081827,2.0,0.7959972907081827,0.6336116868147671
Poor positivity,74,Naive regression Y~A,4.164102548082797,2.0,2.1641025480827967,4.683339838618453
Poor positivity,74,Adjusted regression Y~A+X,2.118746315083195,2.0,0.11874631508319489,0.014100687345837398
Poor positivity,74,IPW Hajek,2.4598456310141685,2.0,0.45984563101416853,0.21145800436281884
Poor positivity,75,Naive regression Y~A,4.080185284128542,2.0,2.080185284128542,4.327170816304944
Poor positivity,75,Adjusted regression Y~A+X,1.8929537675039603,2.0,-0.10704623249603973,0.011458895891596191
Poor positivity,75,IPW Hajek,2.740729598836743,2.0,0.7407295988367428,0.5486803385928419
Poor positivity,76,Naive regression Y~A,4.191276229716997,2.0,2.1912762297169968,4.801691514922736
Poor positivity,76,Adjusted regression Y~A+X,1.9618673651018737,2.0,-0.03813263489812635,0.0014540978442738035
Poor positivity,76,IPW Hajek,2.4298637119345456,2.0,0.42986371193454564,0.18478281083814604
Poor positivity,77,Naive regression Y~A,4.200159899987951,2.0,2.200159899987951,4.840703585514991
Poor positivity,77,Adjusted regression Y~A+X,2.143079066038948,2.0,0.14307906603894782,0.02047161913857759
Poor positivity,77,IPW Hajek,2.7185432091565795,2.0,0.7185432091565795,0.5163043434250361
Poor positivity,78,Naive regression Y~A,4.082217886273185,2.0,2.0822178862731846,4.335631325915969
Poor positivity,78,Adjusted regression Y~A+X,2.068774567766235,2.0,0.0687745677662348,0.0047299411714324235
Poor positivity,78,IPW Hajek,2.577512242890726,2.0,0.5775122428907258,0.33352039068867667
Poor positivity,79,Naive regression Y~A,4.253181309920537,2.0,2.253181309920537,5.076826015375227
Poor positivity,79,Adjusted regression Y~A+X,1.8856427659047994,2.0,-0.1143572340952006,0.013077576989904511
Poor positivity,79,IPW Hajek,2.104262018657041,2.0,0.1042620186570411,0.010870568534441186
Poor positivity,80,Naive regression Y~A,4.245010261065499,2.0,2.2450102610654987,5.040071072289379
Poor positivity,80,Adjusted regression Y~A+X,1.9318712696088987,2.0,-0.06812873039110134,0.004641523904703376
Poor positivity,80,IPW Hajek,2.610004430159603,2.0,0.610004430159603,0.372105404814342
Poor positivity,81,Naive regression Y~A,4.210500372040573,2.0,2.210500372040573,4.886311894791512
Poor positivity,81,Adjusted regression Y~A+X,1.9075446948048786,2.0,-0.09245530519512135,0.008547983458723034
Poor positivity,81,IPW Hajek,2.982706539897242,2.0,0.9827065398972419,0.9657121435568095
Poor positivity,82,Naive regression Y~A,4.214565935168024,2.0,2.2145659351680242,4.9043022812066255
Poor positivity,82,Adjusted regression Y~A+X,2.005107101472345,2.0,0.005107101472344944,2.608248544882789e-05
Poor positivity,82,IPW Hajek,2.1677024795323296,2.0,0.16770247953232964,0.028124121641291442
Poor positivity,83,Naive regression Y~A,4.0923395420088475,2.0,2.0923395420088475,4.377884759053794
Poor positivity,83,Adjusted regression Y~A+X,2.019755375284642,2.0,0.019755375284641996,0.00039027485263704384
Poor positivity,83,IPW Hajek,2.577311435222664,2.0,0.577311435222664,0.33328849323885223
Poor positivity,84,Naive regression Y~A,4.159096816186972,2.0,2.159096816186972,4.6616990616687195
Poor positivity,84,Adjusted regression Y~A+X,1.9830400486535016,2.0,-0.016959951346498414,0.0002876399496755934
Poor positivity,84,IPW Hajek,0.2615266971146708,2.0,-1.7384733028853292,3.0222894248450256
Poor positivity,85,Naive regression Y~A,4.249424385812686,2.0,2.249424385812686,5.05991006748878
Poor positivity,85,Adjusted regression Y~A+X,1.9660431147938202,2.0,-0.03395688520617979,0.0011530700529056718
Poor positivity,85,IPW Hajek,2.7569923121915325,2.0,0.7569923121915325,0.5730373607170827
Poor positivity,86,Naive regression Y~A,4.201378884067565,2.0,2.201378884067565,4.846068991218558
Poor positivity,86,Adjusted regression Y~A+X,1.9219368384274658,2.0,-0.07806316157253423,0.006093857194699586
Poor positivity,86,IPW Hajek,2.01886423368477,2.0,0.01886423368476997,0.00035585931251361
Poor positivity,87,Naive regression Y~A,4.251971619635014,2.0,2.2519716196350137,5.0713761756415465
Poor positivity,87,Adjusted regression Y~A+X,1.9014335546956356,2.0,-0.09856644530436443,0.009715344139938263
Poor positivity,87,IPW Hajek,2.642638635938817,2.0,0.642638635938817,0.41298441640130334
Poor positivity,88,Naive regression Y~A,4.3987723687759965,2.0,2.3987723687759965,5.754108877203206
Poor positivity,88,Adjusted regression Y~A+X,1.967237734458222,2.0,-0.03276226554177808,0.0010733660434299793
Poor positivity,88,IPW Hajek,2.441797048079234,2.0,0.44179704807923414,0.19518463169152514
Poor positivity,89,Naive regression Y~A,4.162334853037807,2.0,2.162334853037807,4.675692016662034
Poor positivity,89,Adjusted regression Y~A+X,2.0720037776513163,2.0,0.07200377765131627,0.0051845439960601925
Poor positivity,89,IPW Hajek,1.8340391246348322,2.0,-0.1659608753651678,0.02754301215197276
Poor positivity,90,Naive regression Y~A,4.220183470060843,2.0,2.220183470060843,4.929214640731407
Poor positivity,90,Adjusted regression Y~A+X,1.9120015933081425,2.0,-0.08799840669185754,0.007743719580305558
Poor positivity,90,IPW Hajek,1.9199286712261663,2.0,-0.08007132877383372,0.006411417691607371
Poor positivity,91,Naive regression Y~A,4.1955274433157825,2.0,2.1955274433157825,4.820340754352737
Poor positivity,91,Adjusted regression Y~A+X,1.9881427188577365,2.0,-0.011857281142263476,0.00014059511608667703
Poor positivity,91,IPW Hajek,2.4756141027589598,2.0,0.47561410275895977,0.22620877474321033
Poor positivity,92,Naive regression Y~A,4.1777373384751195,2.0,2.1777373384751195,4.742539915388697
Poor positivity,92,Adjusted regression Y~A+X,1.9871918650892675,2.0,-0.012808134910732516,0.00016404831989152502
Poor positivity,92,IPW Hajek,2.424635122170732,2.0,0.42463512217073207,0.18031498698095255
Poor positivity,93,Naive regression Y~A,4.1974529581667195,2.0,2.1974529581667195,4.8287995033556665
Poor positivity,93,Adjusted regression Y~A+X,2.118677503011083,2.0,0.11867750301108293,0.014084349720945598
Poor positivity,93,IPW Hajek,2.722488179258317,2.0,0.7224881792583169,0.5219891691679979
Poor positivity,94,Naive regression Y~A,4.036748494182869,2.0,2.036748494182869,4.148344428556185
Poor positivity,94,Adjusted regression Y~A+X,1.9655591039733922,2.0,-0.034440896026607826,0.0011861753191156107
Poor positivity,94,IPW Hajek,2.2803079601387717,2.0,0.2803079601387717,0.07857255251715921
Poor positivity,95,Naive regression Y~A,4.255140603846329,2.0,2.2551406038463293,5.085659143116387
Poor positivity,95,Adjusted regression Y~A+X,2.1582733412156143,2.0,0.15827334121561432,0.025050450539554278
Poor positivity,95,IPW Hajek,2.930942027689413,2.0,0.9309420276894129,0.8666530589184757
Poor positivity,96,Naive regression Y~A,4.097443900855597,2.0,2.0974439008555974,4.399270917236345
Poor positivity,96,Adjusted regression Y~A+X,2.099556349194767,2.0,0.09955634919476708,0.0099114666649904
Poor positivity,96,IPW Hajek,2.8724009955570775,2.0,0.8724009955570775,0.7610834970489799
Poor positivity,97,Naive regression Y~A,4.149240686855663,2.0,2.149240686855663,4.619235530035802
Poor positivity,97,Adjusted regression Y~A+X,1.9199120601908406,2.0,-0.0800879398091594,0.00641407810287554
Poor positivity,97,IPW Hajek,2.9498759309311264,2.0,0.9498759309311264,0.9022642841622741
Poor positivity,98,Naive regression Y~A,4.339514172671232,2.0,2.3395141726712323,5.47332656412956
Poor positivity,98,Adjusted regression Y~A+X,2.23978624308153,2.0,0.23978624308153007,0.05749744237115463
Poor positivity,98,IPW Hajek,2.3627681585087466,2.0,0.36276815850874655,0.13160073682782705
Poor positivity,99,Naive regression Y~A,4.143042615646561,2.0,2.1430426156465607,4.592631652477253
Poor positivity,99,Adjusted regression Y~A+X,2.052804159200595,2.0,0.052804159200595,0.002788279228881782
Poor positivity,99,IPW Hajek,2.6926125331928423,2.0,0.6926125331928423,0.47971212113580614
Poor positivity,100,Naive regression Y~A,4.1635146166280865,2.0,2.1635146166280865,4.680795496363376
Poor positivity,100,Adjusted regression Y~A+X,1.882427010386599,2.0,-0.11757298961340101,0.013823407886632902
Poor positivity,100,IPW Hajek,-0.182057720792677,2.0,-2.182057720792677,4.761375896870932
Poor positivity,101,Naive regression Y~A,4.154723202277498,2.0,2.1547232022774976,4.642832078432994
Poor positivity,101,Adjusted regression Y~A+X,2.0439678512102843,2.0,0.04396785121028435,0.0019331719400497028
Poor positivity,101,IPW Hajek,2.8982192478207494,2.0,0.8982192478207494,0.8067978171556728
Poor positivity,102,Naive regression Y~A,4.078554048648016,2.0,2.078554048648016,4.320386933151058
Poor positivity,102,Adjusted regression Y~A+X,1.9779906114597376,2.0,-0.022009388540262353,0.0004844131839162318
Poor positivity,102,IPW Hajek,2.6952753584543965,2.0,0.6952753584543965,0.4834078240738895
Poor positivity,103,Naive regression Y~A,4.236782734090624,2.0,2.2367827340906237,5.003196999525926
Poor positivity,103,Adjusted regression Y~A+X,2.013876252780077,2.0,0.013876252780077092,0.00019255039121659722
Poor positivity,103,IPW Hajek,2.544671469655155,2.0,0.5446714696551549,0.29666700985630634
Poor positivity,104,Naive regression Y~A,4.177058192136125,2.0,2.1770581921361254,4.739582371947015
Poor positivity,104,Adjusted regression Y~A+X,1.8522485751827806,2.0,-0.14775142481721937,0.021830483535518426
Poor positivity,104,IPW Hajek,2.6858539374685813,2.0,0.6858539374685813,0.47039562354115655
Poor positivity,105,Naive regression Y~A,4.246498689327557,2.0,2.2464986893275567,5.04675636115043
Poor positivity,105,Adjusted regression Y~A+X,1.9265445862806576,2.0,-0.07345541371934239,0.005395697804679754
Poor positivity,105,IPW Hajek,2.2625447616739884,2.0,0.26254476167398844,0.06892975188245139
Poor positivity,106,Naive regression Y~A,4.298922373325909,2.0,2.298922373325909,5.28504407857843
Poor positivity,106,Adjusted regression Y~A+X,1.9379603862120518,2.0,-0.0620396137879482,0.0038489136789577726
Poor positivity,106,IPW Hajek,1.4997818207481521,2.0,-0.5002181792518479,0.2502182268540338
Poor positivity,107,Naive regression Y~A,4.204027580554449,2.0,2.204027580554449,4.8577375758446975
Poor positivity,107,Adjusted regression Y~A+X,1.9967069571913854,2.0,-0.0032930428086146435,1.084413093936862e-05
Poor positivity,107,IPW Hajek,2.4990090974791137,2.0,0.4990090974791137,0.2490100793669196
Poor positivity,108,Naive regression Y~A,4.161134238000173,2.0,2.161134238000173,4.670501194656588
Poor positivity,108,Adjusted regression Y~A+X,2.019577955812698,2.0,0.019577955812697834,0.0003832963538039489
Poor positivity,108,IPW Hajek,2.4600718846800818,2.0,0.46007188468008176,0.21166613907308243
Poor positivity,109,Naive regression Y~A,4.153863853965485,2.0,2.1538638539654853,4.6391295014190534
Poor positivity,109,Adjusted regression Y~A+X,1.9786058263081072,2.0,-0.02139417369189278,0.00045771066795887724
Poor positivity,109,IPW Hajek,2.5179403362740818,2.0,0.5179403362740818,0.2682621919397089
Poor positivity,110,Naive regression Y~A,4.105339529792705,2.0,2.1053395297927047,4.432454535707767
Poor positivity,110,Adjusted regression Y~A+X,1.9726115194496556,2.0,-0.027388480550344374,0.000750128866856592
Poor positivity,110,IPW Hajek,2.5380604472999395,2.0,0.5380604472999395,0.28950904494861096
Poor positivity,111,Naive regression Y~A,4.252389345766967,2.0,2.252389345766967,5.073257764924546
Poor positivity,111,Adjusted regression Y~A+X,2.0268992882664936,2.0,0.02689928826649357,0.0007235717092439187
Poor positivity,111,IPW Hajek,3.111753442758844,2.0,1.111753442758844,1.2359957174861422
Poor positivity,112,Naive regression Y~A,4.093108165676546,2.0,2.0931081656765462,4.381101793221836
Poor positivity,112,Adjusted regression Y~A+X,2.0112974524553437,2.0,0.011297452455343748,0.0001276324319807525
Poor positivity,112,IPW Hajek,2.4650288296369967,2.0,0.46502882963699665,0.21625181239355487
Poor positivity,113,Naive regression Y~A,4.232395755733818,2.0,2.232395755733818,4.983590810218365
Poor positivity,113,Adjusted regression Y~A+X,2.045728841179943,2.0,0.045728841179943025,0.002091126915660453
Poor positivity,113,IPW Hajek,2.9599028590322773,2.0,0.9599028590322773,0.9214134987783401
Poor positivity,114,Naive regression Y~A,4.119039776810638,2.0,2.119039776810638,4.490329575705678
Poor positivity,114,Adjusted regression Y~A+X,1.9546232572078532,2.0,-0.04537674279214676,0.0020590487864246432
Poor positivity,114,IPW Hajek,2.446308301300639,2.0,0.4463083013006388,0.1991910998098618
Poor positivity,115,Naive regression Y~A,4.275599405773216,2.0,2.2755994057732156,5.178352655555412
Poor positivity,115,Adjusted regression Y~A+X,2.0584428254213325,2.0,0.0584428254213325,0.003415563843228348
Poor positivity,115,IPW Hajek,2.9843465702736713,2.0,0.9843465702736713,0.9689381704095398
Poor positivity,116,Naive regression Y~A,4.0957262582115055,2.0,2.0957262582115055,4.392068549357198
Poor positivity,116,Adjusted regression Y~A+X,1.925340455412233,2.0,-0.07465954458776691,0.005574047598052756
Poor positivity,116,IPW Hajek,2.4648408860739703,2.0,0.46484088607397034,0.21607704936603386
Poor positivity,117,Naive regression Y~A,4.05079617650102,2.0,2.05079617650102,4.205764957551203
Poor positivity,117,Adjusted regression Y~A+X,1.8666800340112866,2.0,-0.13331996598871343,0.017774213331231706
Poor positivity,117,IPW Hajek,2.3923386332548144,2.0,0.39233863325481444,0.1539296031442558
Poor positivity,118,Naive regression Y~A,4.274293985319907,2.0,2.2742939853199067,5.172413131662304
Poor positivity,118,Adjusted regression Y~A+X,2.13155233854932,2.0,0.1315523385493198,0.017306017777794853
Poor positivity,118,IPW Hajek,2.486599182465631,2.0,0.48659918246563105,0.2367787643762205
Poor positivity,119,Naive regression Y~A,4.2049791343954075,2.0,2.2049791343954075,4.861932983119121
Poor positivity,119,Adjusted regression Y~A+X,2.022299906947117,2.0,0.02229990694711681,0.0004972858498500686
Poor positivity,119,IPW Hajek,2.7178595510537162,2.0,0.7178595510537162,0.515322335039043
Poor positivity,120,Naive regression Y~A,4.171366632491115,2.0,2.1713666324911154,4.714833052695806
Poor positivity,120,Adjusted regression Y~A+X,2.0802526815812223,2.0,0.08025268158122234,0.006440492900977064
Poor positivity,120,IPW Hajek,2.7432998650826628,2.0,0.7432998650826628,0.5524946894319047
Poor positivity,121,Naive regression Y~A,4.223546827982062,2.0,2.2235468279820623,4.944160496229091
Poor positivity,121,Adjusted regression Y~A+X,2.082536627595676,2.0,0.08253662759567604,0.006812294894867311
Poor positivity,121,IPW Hajek,2.6023762484748936,2.0,0.6023762484748936,0.36285714472668673
Poor positivity,122,Naive regression Y~A,4.146861182172605,2.0,2.1468611821726054,4.609012935519557
Poor positivity,122,Adjusted regression Y~A+X,1.9683886485827313,2.0,-0.031611351417268674,0.0009992775384260542
Poor positivity,122,IPW Hajek,2.6218683770266846,2.0,0.6218683770266846,0.3867202783458028
Poor positivity,123,Naive regression Y~A,4.234464769359687,2.0,2.234464769359687,4.992832805509639
Poor positivity,123,Adjusted regression Y~A+X,2.020986800062451,2.0,0.020986800062451128,0.0004404457768612986
Poor positivity,123,IPW Hajek,2.452170369814869,2.0,0.45217036981486913,0.20445804333851553
Poor positivity,124,Naive regression Y~A,4.227777976300842,2.0,2.2277779763008416,4.962994711691073
Poor positivity,124,Adjusted regression Y~A+X,2.08430091065214,2.0,0.08430091065214018,0.007106643536780122
Poor positivity,124,IPW Hajek,2.869611218376512,2.0,0.8696112183765119,0.7562236711262814
Poor positivity,125,Naive regression Y~A,4.246335300971774,2.0,2.246335300971774,5.04602228439195
Poor positivity,125,Adjusted regression Y~A+X,2.222891692917773,2.0,0.2228916929177731,0.04968070677175087
Poor positivity,125,IPW Hajek,3.0381762137516843,2.0,1.0381762137516843,1.0778098507997829
Poor positivity,126,Naive regression Y~A,4.175194860798933,2.0,2.175194860798933,4.731472682446089
Poor positivity,126,Adjusted regression Y~A+X,2.008593565917304,2.0,0.00859356591730398,7.38493751750486e-05
Poor positivity,126,IPW Hajek,2.428083379469718,2.0,0.42808337946971786,0.18325537977821446
Poor positivity,127,Naive regression Y~A,4.112184320167427,2.0,2.112184320167427,4.461322602361135
Poor positivity,127,Adjusted regression Y~A+X,2.0618989745977583,2.0,0.06189897459775828,0.0038314830562539252
Poor positivity,127,IPW Hajek,2.7775811971983586,2.0,0.7775811971983586,0.6046325182364326
Poor positivity,128,Naive regression Y~A,4.025054429949566,2.0,2.0250544299495656,4.10084544425836
Poor positivity,128,Adjusted regression Y~A+X,1.964453265971442,2.0,-0.035546734028558014,0.0012635703000970443
Poor positivity,128,IPW Hajek,2.1027884732999036,2.0,0.1027884732999036,0.010565470243324994
Poor positivity,129,Naive regression Y~A,4.294492258088064,2.0,2.294492258088064,5.264694722426062
Poor positivity,129,Adjusted regression Y~A+X,2.0713700300963485,2.0,0.07137003009634846,0.005093681195953685
Poor positivity,129,IPW Hajek,2.940616053378958,2.0,0.940616053378958,0.8847585598742068
Poor positivity,130,Naive regression Y~A,4.193813805099245,2.0,2.1938138050992446,4.812819011444026
Poor positivity,130,Adjusted regression Y~A+X,1.8792683554143104,2.0,-0.12073164458568963,0.014576130004365282
Poor positivity,130,IPW Hajek,2.691381580582563,2.0,0.6913815805825632,0.47800848996884326
Poor positivity,131,Naive regression Y~A,4.159009210200609,2.0,2.159009210200609,4.6613207697310575
Poor positivity,131,Adjusted regression Y~A+X,1.7460424504678824,2.0,-0.2539575495321176,0.06449443696435796
Poor positivity,131,IPW Hajek,2.6992839270366296,2.0,0.6992839270366296,0.48899801061177023
Poor positivity,132,Naive regression Y~A,4.471148654102441,2.0,2.471148654102441,6.1065756706723056
Poor positivity,132,Adjusted regression Y~A+X,2.12090193807169,2.0,0.12090193807169003,0.014617278629490771
Poor positivity,132,IPW Hajek,2.9272571744608236,2.0,0.9272571744608236,0.8598058675890702
Poor positivity,133,Naive regression Y~A,4.2229478117767725,2.0,2.2229478117767725,4.941496973883141
Poor positivity,133,Adjusted regression Y~A+X,2.220533818680214,2.0,0.22053381868021393,0.04863516518167747
Poor positivity,133,IPW Hajek,2.806965136216482,2.0,0.806965136216482,0.6511927310688854
Poor positivity,134,Naive regression Y~A,4.156561586627114,2.0,2.156561586627114,4.650757876915655
Poor positivity,134,Adjusted regression Y~A+X,2.163517165312456,2.0,0.16351716531245586,0.026737863351821017
Poor positivity,134,IPW Hajek,2.7976188594806426,2.0,0.7976188594806426,0.6361958449992011
Poor positivity,135,Naive regression Y~A,4.233677386538621,2.0,2.233677386538621,4.989314667134003
Poor positivity,135,Adjusted regression Y~A+X,2.078588084602774,2.0,0.078588084602774,0.006176087041532764
Poor positivity,135,IPW Hajek,2.8117634604320494,2.0,0.8117634604320494,0.6589599156926154
Poor positivity,136,Naive regression Y~A,4.399722813668802,2.0,2.3997228136688022,5.758669582442513
Poor positivity,136,Adjusted regression Y~A+X,2.068081658694116,2.0,0.06808165869411598,0.004635112250542098
Poor positivity,136,IPW Hajek,2.6585924698247023,2.0,0.6585924698247023,0.43374404130980143
Poor positivity,137,Naive regression Y~A,4.144322994792279,2.0,2.1443229947922786,4.5981211059949265
Poor positivity,137,Adjusted regression Y~A+X,2.0359657593740215,2.0,0.035965759374021466,0.001293535847350013
Poor positivity,137,IPW Hajek,3.101617474578048,2.0,1.101617474578048,1.2135610602957163
Poor positivity,138,Naive regression Y~A,4.201710654592566,2.0,2.201710654592566,4.847529806546427
Poor positivity,138,Adjusted regression Y~A+X,2.045048867243826,2.0,0.04504886724382606,0.0020294004399518647
Poor positivity,138,IPW Hajek,2.0800244815370137,2.0,0.08002448153701369,0.0064039176452678455
Poor positivity,139,Naive regression Y~A,4.188017253950875,2.0,2.188017253950875,4.787419503586727
Poor positivity,139,Adjusted regression Y~A+X,2.046480191807678,2.0,0.04648019180767804,0.0021604082304785407
Poor positivity,139,IPW Hajek,1.9051639490960386,2.0,-0.09483605090396141,0.00899387655105876
Poor positivity,140,Naive regression Y~A,4.216767910000862,2.0,2.216767910000862,4.914059966809591
Poor positivity,140,Adjusted regression Y~A+X,2.064802859104172,2.0,0.06480285910417205,0.004199410548075174
Poor positivity,140,IPW Hajek,2.7957900809802667,2.0,0.7957900809802667,0.6332818529865795
Poor positivity,141,Naive regression Y~A,4.048248662374601,2.0,2.0482486623746006,4.19532258291934
Poor positivity,141,Adjusted regression Y~A+X,2.006238244711499,2.0,0.006238244711498808,3.891569708054285e-05
Poor positivity,141,IPW Hajek,2.6773626149444785,2.0,0.6773626149444785,0.4588201121244218
Poor positivity,142,Naive regression Y~A,4.078234887823951,2.0,2.0782348878239514,4.319060248968632
Poor positivity,142,Adjusted regression Y~A+X,1.9238472560351054,2.0,-0.07615274396489458,0.005799240413382787
Poor positivity,142,IPW Hajek,2.541113329503696,2.0,0.5411133295036961,0.29280363536657555
Poor positivity,143,Naive regression Y~A,4.219871261299035,2.0,2.2198712612990352,4.927828416741369
Poor positivity,143,Adjusted regression Y~A+X,1.9942053294478164,2.0,-0.005794670552183634,3.357820680834418e-05
Poor positivity,143,IPW Hajek,2.428770979614035,2.0,0.4287709796140349,0.18384455295917912
Poor positivity,144,Naive regression Y~A,4.270144608505806,2.0,2.270144608505806,5.153556543527979
Poor positivity,144,Adjusted regression Y~A+X,2.1329435104459518,2.0,0.13294351044595176,0.017673976969692886
Poor positivity,144,IPW Hajek,3.1709009690249195,2.0,1.1709009690249195,1.3710090792634955
Poor positivity,145,Naive regression Y~A,4.177055225187196,2.0,2.177055225187196,4.739569453514873
Poor positivity,145,Adjusted regression Y~A+X,1.9070987299996718,2.0,-0.09290127000032822,0.008630645967673883
Poor positivity,145,IPW Hajek,1.8159374485569713,2.0,-0.18406255144302874,0.033879022843717604
Poor positivity,146,Naive regression Y~A,4.128276217660279,2.0,2.1282762176602787,4.529559658658342
Poor positivity,146,Adjusted regression Y~A+X,2.0115188487888256,2.0,0.011518848788825586,0.0001326838774198287
Poor positivity,146,IPW Hajek,2.230823615627739,2.0,0.230823615627739,0.0532795415314622
Poor positivity,147,Naive regression Y~A,4.186057012246775,2.0,2.186057012246775,4.778845260793297
Poor positivity,147,Adjusted regression Y~A+X,2.16573988772623,2.0,0.16573988772623016,0.02746971038350338
Poor positivity,147,IPW Hajek,3.1127640424223957,2.0,1.1127640424223957,1.2382438141082313
Poor positivity,148,Naive regression Y~A,4.16826889921125,2.0,2.1682688992112498,4.701390019286765
Poor positivity,148,Adjusted regression Y~A+X,2.0082195504490747,2.0,0.008219550449074742,6.756100958488479e-05
Poor positivity,148,IPW Hajek,1.0624214752469598,2.0,-0.9375785247530402,0.8790534900780871
Poor positivity,149,Naive regression Y~A,4.06629867080527,2.0,2.0662986708052697,4.269590196971625
Poor positivity,149,Adjusted regression Y~A+X,1.8629138090199473,2.0,-0.1370861909800527,0.018792623757419483
Poor positivity,149,IPW Hajek,1.6762381474019399,2.0,-0.3237618525980601,0.10482173719772801
Poor positivity,150,Naive regression Y~A,4.160642299736242,2.0,2.1606422997362422,4.668375147409518
Poor positivity,150,Adjusted regression Y~A+X,1.9849260231658732,2.0,-0.015073976834126812,0.00022722477759579178
Poor positivity,150,IPW Hajek,1.6098382497465868,2.0,-0.39016175025341315,0.15222619136080673
Poor positivity,151,Naive regression Y~A,4.191968505178177,2.0,2.1919685051781768,4.804725927693051
Poor positivity,151,Adjusted regression Y~A+X,1.8920202519037606,2.0,-0.10797974809623945,0.011659625998927326
Poor positivity,151,IPW Hajek,2.6528245934917485,2.0,0.6528245934917485,0.42617994986766666
Poor positivity,152,Naive regression Y~A,4.146395879869903,2.0,2.146395879869903,4.607015273122496
Poor positivity,152,Adjusted regression Y~A+X,1.911849502887108,2.0,-0.08815049711289191,0.007770510141249965
Poor positivity,152,IPW Hajek,1.7105725930283207,2.0,-0.28942740697167935,0.08376822390635011
Poor positivity,153,Naive regression Y~A,4.15550830362853,2.0,2.1555083036285296,4.646216047011541
Poor positivity,153,Adjusted regression Y~A+X,1.9352242787034533,2.0,-0.06477572129654674,0.0041958940694878984
Poor positivity,153,IPW Hajek,2.8460027609568552,2.0,0.8460027609568552,0.7157206715466219
Poor positivity,154,Naive regression Y~A,4.010402558648441,2.0,2.0104025586484413,4.041718447820199
Poor positivity,154,Adjusted regression Y~A+X,1.9288268939737032,2.0,-0.07117310602629678,0.0050656110214304835
Poor positivity,154,IPW Hajek,2.836435399758657,2.0,0.8364353997586571,0.6996241779694246
Poor positivity,155,Naive regression Y~A,4.058438581396965,2.0,2.058438581396965,4.2371693933835495
Poor positivity,155,Adjusted regression Y~A+X,1.9755026035718308,2.0,-0.02449739642816917,0.0006001224317588756
Poor positivity,155,IPW Hajek,2.6141708789667972,2.0,0.6141708789667972,0.3772058685708483
Poor positivity,156,Naive regression Y~A,4.274365995645624,2.0,2.274365995645624,5.1727406821491115
Poor positivity,156,Adjusted regression Y~A+X,2.110019095331043,2.0,0.11001909533104293,0.012104201337461111
Poor positivity,156,IPW Hajek,3.202139623740682,2.0,1.202139623740682,1.4451396749673886
Poor positivity,157,Naive regression Y~A,4.152731387712968,2.0,2.1527313877129677,4.6342524276446
Poor positivity,157,Adjusted regression Y~A+X,2.024534535607196,2.0,0.024534535607195984,0.0006019434374607677
Poor positivity,157,IPW Hajek,2.7319304283351156,2.0,0.7319304283351156,0.5357221519228258
Poor positivity,158,Naive regression Y~A,4.2441811975776496,2.0,2.2441811975776496,5.036349247561053
Poor positivity,158,Adjusted regression Y~A+X,1.963757470013869,2.0,-0.03624252998613109,0.001313520979795611
Poor positivity,158,IPW Hajek,2.5699006758109073,2.0,0.5699006758109073,0.32478678028972885
Poor positivity,159,Naive regression Y~A,4.229843400299864,2.0,2.229843400299864,4.972201589860861
Poor positivity,159,Adjusted regression Y~A+X,1.9456533341810287,2.0,-0.054346665818971296,0.002953560085638943
Poor positivity,159,IPW Hajek,2.8807900473954575,2.0,0.8807900473954575,0.7757911075908923
Poor positivity,160,Naive regression Y~A,4.271997053865228,2.0,2.2719970538652277,5.161970612772274
Poor positivity,160,Adjusted regression Y~A+X,1.9469496715905101,2.0,-0.053050328409489866,0.0028143373443547275
Poor positivity,160,IPW Hajek,2.6719064095373777,2.0,0.6719064095373777,0.4514582231774103
Poor positivity,161,Naive regression Y~A,4.16128753728644,2.0,2.16128753728644,4.671163818829685
Poor positivity,161,Adjusted regression Y~A+X,2.0211623995541044,2.0,0.021162399554104372,0.0004478471548875569
Poor positivity,161,IPW Hajek,2.8752348001765777,2.0,0.8752348001765777,0.7660359554401339
Poor positivity,162,Naive regression Y~A,4.138198690155911,2.0,2.138198690155911,4.571893638584454
Poor positivity,162,Adjusted regression Y~A+X,1.934254785274486,2.0,-0.06574521472551398,0.00432243325930394
Poor positivity,162,IPW Hajek,2.3260845467408258,2.0,0.32608454674082576,0.10633113162316979
Poor positivity,163,Naive regression Y~A,4.296386230917162,2.0,2.296386230917162,5.273389721545929
Poor positivity,163,Adjusted regression Y~A+X,2.1032559133043547,2.0,0.10325591330435469,0.01066178363231641
Poor positivity,163,IPW Hajek,2.7782345486012576,2.0,0.7782345486012576,0.6056490126366032
Poor positivity,164,Naive regression Y~A,4.234530084926879,2.0,2.234530084926879,4.993124700443326
Poor positivity,164,Adjusted regression Y~A+X,2.122836634430993,2.0,0.12283663443099302,0.015088838758333419
Poor positivity,164,IPW Hajek,2.8460959644127364,2.0,0.8460959644127364,0.7158783809955185
Poor positivity,165,Naive regression Y~A,4.133995397681175,2.0,2.1339953976811747,4.553936357324435
Poor positivity,165,Adjusted regression Y~A+X,2.0114463590134686,2.0,0.011446359013468577,0.00013101913466521332
Poor positivity,165,IPW Hajek,0.909249204043463,2.0,-1.090750795956537,1.189737298879819
Poor positivity,166,Naive regression Y~A,4.174755496020564,2.0,2.1747554960205644,4.729561467471651
Poor positivity,166,Adjusted regression Y~A+X,1.946369464279832,2.0,-0.05363053572016807,0.0028762343616322234
Poor positivity,166,IPW Hajek,2.3668076168721637,2.0,0.3668076168721637,0.134547827795436
Poor positivity,167,Naive regression Y~A,4.151460228471937,2.0,2.1514602284719366,4.628781114696518
Poor positivity,167,Adjusted regression Y~A+X,1.9609536974299486,2.0,-0.03904630257005137,0.0015246137443920005
Poor positivity,167,IPW Hajek,2.842654019287164,2.0,0.8426540192871639,0.710065796220812
Poor positivity,168,Naive regression Y~A,4.266779836852605,2.0,2.2667798368526046,5.138290828761521
Poor positivity,168,Adjusted regression Y~A+X,2.052110067193817,2.0,0.052110067193817056,0.0027154591029441284
Poor positivity,168,IPW Hajek,2.910699242966983,2.0,0.9106992429669831,0.8293731111406362
Poor positivity,169,Naive regression Y~A,4.104247061497326,2.0,2.1042470614973263,4.427855695820132
Poor positivity,169,Adjusted regression Y~A+X,1.8977921976496426,2.0,-0.10220780235035742,0.010446434861289728
Poor positivity,169,IPW Hajek,2.271380882346666,2.0,0.27138088234666613,0.07364758330325505
Poor positivity,170,Naive regression Y~A,4.174821795706498,2.0,2.1748217957064977,4.729849843080035
Poor positivity,170,Adjusted regression Y~A+X,2.064393142452545,2.0,0.0643931424525448,0.0041464767949137265
Poor positivity,170,IPW Hajek,2.556697786542342,2.0,0.5566977865423421,0.3099124255411431
Poor positivity,171,Naive regression Y~A,4.018279882428328,2.0,2.0182798824283283,4.073453683814907
Poor positivity,171,Adjusted regression Y~A+X,1.9811843386999748,2.0,-0.01881566130002521,0.0003540291101572664
Poor positivity,171,IPW Hajek,2.138444163983934,2.0,0.13844416398393422,0.01916678654121047
Poor positivity,172,Naive regression Y~A,4.130417080693058,2.0,2.130417080693058,4.538676937708732
Poor positivity,172,Adjusted regression Y~A+X,1.7190334752412866,2.0,-0.2809665247587134,0.07894218803498872
Poor positivity,172,IPW Hajek,1.8890884904689982,2.0,-0.11091150953100182,0.012301362946445507
Poor positivity,173,Naive regression Y~A,4.101189029771272,2.0,2.1011890297712723,4.41499533883114
Poor positivity,173,Adjusted regression Y~A+X,1.9718284725907487,2.0,-0.02817152740925133,0.0007936349565701989
Poor positivity,173,IPW Hajek,2.530479925472863,2.0,0.5304799254728629,0.28140895132969423
Poor positivity,174,Naive regression Y~A,4.362522489721911,2.0,2.3625224897219113,5.581512514441818
Poor positivity,174,Adjusted regression Y~A+X,2.0827048273231434,2.0,0.08270482732314344,0.0068400884625509735
Poor positivity,174,IPW Hajek,3.327978305689752,2.0,1.327978305689752,1.7635263803826247
Poor positivity,175,Naive regression Y~A,4.219203292916977,2.0,2.219203292916977,4.9248632552935545
Poor positivity,175,Adjusted regression Y~A+X,2.019216846155352,2.0,0.01921684615535213,0.0003692871761584719
Poor positivity,175,IPW Hajek,2.2813966907853604,2.0,0.28139669078536045,0.07918409758495176
Poor positivity,176,Naive regression Y~A,4.0101609725754574,2.0,2.0101609725754574,4.040747135665509
Poor positivity,176,Adjusted regression Y~A+X,1.8771767870117035,2.0,-0.12282321298829646,0.015085541648768436
Poor positivity,176,IPW Hajek,2.284351887423247,2.0,0.2843518874232469,0.08085599588116288
Poor positivity,177,Naive regression Y~A,4.240992449737694,2.0,2.2409924497376936,5.02204715978135
Poor positivity,177,Adjusted regression Y~A+X,2.120411095202296,2.0,0.12041109520229609,0.014498831847816413
Poor positivity,177,IPW Hajek,1.5916518278533702,2.0,-0.4083481721466298,0.16674822969549358
Poor positivity,178,Naive regression Y~A,4.174898029886324,2.0,2.1748980298863243,4.730181440403415
Poor positivity,178,Adjusted regression Y~A+X,1.917688302607929,2.0,-0.082311697392071,0.006775215527563869
Poor positivity,178,IPW Hajek,2.424455681087502,2.0,0.424455681087502,0.18016262520745518
Poor positivity,179,Naive regression Y~A,4.245247319966145,2.0,2.245247319966145,5.0411355278151575
Poor positivity,179,Adjusted regression Y~A+X,1.934162032280361,2.0,-0.06583796771963901,0.004334637993452229
Poor positivity,179,IPW Hajek,2.862896994592556,2.0,0.862896994592556,0.7445912232768656
Poor positivity,180,Naive regression Y~A,4.181435909801935,2.0,2.1814359098019347,4.758662628573394
Poor positivity,180,Adjusted regression Y~A+X,1.9658325027990136,2.0,-0.03416749720098644,0.0011674178649794162
Poor positivity,180,IPW Hajek,1.8169407340109995,2.0,-0.18305926598900046,0.033510694864431624
Poor positivity,181,Naive regression Y~A,4.134152182775603,2.0,2.134152182775603,4.554605539245871
Poor positivity,181,Adjusted regression Y~A+X,1.9208979067324061,2.0,-0.07910209326759388,0.00625714115931512
Poor positivity,181,IPW Hajek,1.7586163827627577,2.0,-0.24138361723724233,0.058266050670535516
Poor positivity,182,Naive regression Y~A,4.295558576257944,2.0,2.2955585762579442,5.2695891770314
Poor positivity,182,Adjusted regression Y~A+X,2.084518971496968,2.0,0.08451897149696785,0.007143456542905264
Poor positivity,182,IPW Hajek,2.522218287319168,2.0,0.5222182873191681,0.27271193961056517
Poor positivity,183,Naive regression Y~A,4.137259113302601,2.0,2.1372591133026013,4.567876517395022
Poor positivity,183,Adjusted regression Y~A+X,1.8396889397179772,2.0,-0.1603110602820228,0.02569963604874635
Poor positivity,183,IPW Hajek,2.697815846463944,2.0,0.6978158464639441,0.48694695557619083
Poor positivity,184,Naive regression Y~A,4.194617544637239,2.0,2.1946175446372393,4.816346167229585
Poor positivity,184,Adjusted regression Y~A+X,1.9803536547555098,2.0,-0.01964634524449016,0.00038597888146570114
Poor positivity,184,IPW Hajek,1.7239448451079984,2.0,-0.2760551548920016,0.076206448542447
Poor positivity,185,Naive regression Y~A,4.087937360018846,2.0,2.087937360018846,4.359482419362468
Poor positivity,185,Adjusted regression Y~A+X,1.956088239740457,2.0,-0.04391176025954291,0.001928242689091572
Poor positivity,185,IPW Hajek,2.0692468545792257,2.0,0.06924685457922575,0.004795126869116438
Poor positivity,186,Naive regression Y~A,4.151131256370292,2.0,2.1511312563702916,4.627365682133229
Poor positivity,186,Adjusted regression Y~A+X,1.9348216353464671,2.0,-0.06517836465353288,0.004248219218908905
Poor positivity,186,IPW Hajek,2.6208093058387876,2.0,0.6208093058387876,0.3854041942160373
Poor positivity,187,Naive regression Y~A,4.244504383878761,2.0,2.244504383878761,5.037799929250975
Poor positivity,187,Adjusted regression Y~A+X,2.2592046666988876,2.0,0.25920466669888764,0.06718705923848144
Poor positivity,187,IPW Hajek,2.630316023468634,2.0,0.6303160234686338,0.3972982894413113
Poor positivity,188,Naive regression Y~A,4.153740644421031,2.0,2.153740644421031,4.638598763431118
Poor positivity,188,Adjusted regression Y~A+X,2.034788302509971,2.0,0.034788302509971114,0.0012102259915252626
Poor positivity,188,IPW Hajek,2.070764039382948,2.0,0.07076403938294806,0.0050075492697914245
Poor positivity,189,Naive regression Y~A,4.158186554142114,2.0,2.158186554142114,4.6577692024798125
Poor positivity,189,Adjusted regression Y~A+X,1.8488965840319909,2.0,-0.15110341596800914,0.0228322423172012
Poor positivity,189,IPW Hajek,2.805725370489321,2.0,0.8057253704893208,0.6491933726501533
Poor positivity,190,Naive regression Y~A,4.138853205641647,2.0,2.138853205641647,4.574693035283549
Poor positivity,190,Adjusted regression Y~A+X,1.9137398083934594,2.0,-0.08626019160654064,0.007440820655997104
Poor positivity,190,IPW Hajek,2.2530038190984096,2.0,0.25300381909840963,0.06401093247838079
Poor positivity,191,Naive regression Y~A,4.299471817254975,2.0,2.2994718172549753,5.287570638349899
Poor positivity,191,Adjusted regression Y~A+X,2.0971526630361677,2.0,0.09715266303616765,0.009438639935019137
Poor positivity,191,IPW Hajek,2.6170777158789496,2.0,0.6170777158789496,0.3807849074343816
Poor positivity,192,Naive regression Y~A,4.14970966589491,2.0,2.1497096658949104,4.621251647642008
Poor positivity,192,Adjusted regression Y~A+X,2.0156196303586573,2.0,0.015619630358657322,0.00024397285254108944
Poor positivity,192,IPW Hajek,2.5394398753818566,2.0,0.5394398753818566,0.2909953791519929
Poor positivity,193,Naive regression Y~A,4.242327011181902,2.0,2.242327011181902,5.028030425075962
Poor positivity,193,Adjusted regression Y~A+X,2.044491722229423,2.0,0.044491722229423214,0.001979513346940152
Poor positivity,193,IPW Hajek,2.9943484286181827,2.0,0.9943484286181827,0.9887287974954493
Poor positivity,194,Naive regression Y~A,3.967352204937763,2.0,1.9673522049377632,3.870474698273479
Poor positivity,194,Adjusted regression Y~A+X,1.9572625618758817,2.0,-0.04273743812411834,0.001826488617412844
Poor positivity,194,IPW Hajek,2.141966920217974,2.0,0.14196692021797386,0.020154606436176555
Poor positivity,195,Naive regression Y~A,4.1990887100307415,2.0,2.1990887100307415,4.83599115458467
Poor positivity,195,Adjusted regression Y~A+X,1.9361095745661312,2.0,-0.0638904254338688,0.00408198646212075
Poor positivity,195,IPW Hajek,2.8639105129503677,2.0,0.8639105129503677,0.7463413743861674
Poor positivity,196,Naive regression Y~A,4.14940751255149,2.0,2.14940751255149,4.619952655012785
Poor positivity,196,Adjusted regression Y~A+X,2.016713042715559,2.0,0.016713042715558846,0.0002793257968120946
Poor positivity,196,IPW Hajek,2.5203335155379025,2.0,0.5203335155379025,0.27074696739203263
Poor positivity,197,Naive regression Y~A,4.0737904875424675,2.0,2.0737904875424675,4.300606986221625
Poor positivity,197,Adjusted regression Y~A+X,1.9953550043704547,2.0,-0.004644995629545345,2.157598439849536e-05
Poor positivity,197,IPW Hajek,2.588746212694465,2.0,0.5887462126944651,0.3466221029620764
Poor positivity,198,Naive regression Y~A,4.450970062357798,2.0,2.450970062357798,6.007254246574187
Poor positivity,198,Adjusted regression Y~A+X,2.000135332509452,2.0,0.00013533250945219066,1.8314888114627274e-08
Poor positivity,198,IPW Hajek,3.26843358650871,2.0,1.26843358650871,1.608923763383349
Poor positivity,199,Naive regression Y~A,4.171460442953766,2.0,2.171460442953766,4.715240455312965
Poor positivity,199,Adjusted regression Y~A+X,2.034082937674675,2.0,0.03408293767467496,0.001161646640535778
Poor positivity,199,IPW Hajek,3.0105670839616647,2.0,1.0105670839616647,1.0212458311867822
Poor positivity,200,Naive regression Y~A,4.14338064209951,2.0,2.14338064209951,4.594080576926908
Poor positivity,200,Adjusted regression Y~A+X,1.811861154973941,2.0,-0.18813884502605904,0.03539622500773946
Poor positivity,200,IPW Hajek,2.672178961679117,2.0,0.672178961679117,0.45182455652401576
Poor positivity,201,Naive regression Y~A,4.170189696780121,2.0,2.1701896967801213,4.709723320010595
Poor positivity,201,Adjusted regression Y~A+X,2.004089070147701,2.0,0.0040890701477009905,1.67204946728194e-05
Poor positivity,201,IPW Hajek,2.4515973463067606,2.0,0.4515973463067606,0.20394016319130828
Poor positivity,202,Naive regression Y~A,4.232625565522911,2.0,2.232625565522911,4.984616915826497
Poor positivity,202,Adjusted regression Y~A+X,1.946034537166767,2.0,-0.05396546283323289,0.0029122711788050403
Poor positivity,202,IPW Hajek,2.9317976841059736,2.0,0.9317976841059736,0.8682469241052558
Poor positivity,203,Naive regression Y~A,4.128167030012847,2.0,2.128167030012847,4.529094907633701
Poor positivity,203,Adjusted regression Y~A+X,1.8617703943764303,2.0,-0.13822960562356967,0.019107423870847604
Poor positivity,203,IPW Hajek,2.839571233504808,2.0,0.8395712335048078,0.7048798561287845
Poor positivity,204,Naive regression Y~A,4.261031865941453,2.0,2.261031865941453,5.112265098802688
Poor positivity,204,Adjusted regression Y~A+X,2.0572390144871964,2.0,0.05723901448719637,0.003276304779465476
Poor positivity,204,IPW Hajek,2.0464549538229946,2.0,0.04645495382299458,0.002158062734696559
Poor positivity,205,Naive regression Y~A,4.386686159528162,2.0,2.3866861595281623,5.696270824083289
Poor positivity,205,Adjusted regression Y~A+X,2.0774148807660686,2.0,0.07741488076606862,0.00599306376402462
Poor positivity,205,IPW Hajek,2.9209706777460758,2.0,0.9209706777460758,0.8481869892680661
Poor positivity,206,Naive regression Y~A,4.152827722560651,2.0,2.1528277225606507,4.634667203025678
Poor positivity,206,Adjusted regression Y~A+X,2.033074695646381,2.0,0.03307469564638099,0.0010939354921007337
Poor positivity,206,IPW Hajek,2.0973735852245885,2.0,0.0973735852245885,0.0094816150994902
Poor positivity,207,Naive regression Y~A,4.175209890067539,2.0,2.1752098900675394,4.731538065847637
Poor positivity,207,Adjusted regression Y~A+X,2.1147845390610702,2.0,0.11478453906107022,0.013175490407462355
Poor positivity,207,IPW Hajek,2.8972981860102482,2.0,0.8972981860102482,0.805144034617282
Poor positivity,208,Naive regression Y~A,4.072201412031521,2.0,2.0722014120315206,4.294018692025428
Poor positivity,208,Adjusted regression Y~A+X,1.9164496106671984,2.0,-0.08355038933280157,0.006980667557662722
Poor positivity,208,IPW Hajek,2.4782015877537087,2.0,0.4782015877537087,0.22867675853016795
Poor positivity,209,Naive regression Y~A,4.133069476654349,2.0,2.1330694766543488,4.549985392234458
Poor positivity,209,Adjusted regression Y~A+X,1.8757523227657003,2.0,-0.12424767723429975,0.015437485298118728
Poor positivity,209,IPW Hajek,2.3462848906164644,2.0,0.3462848906164644,0.11991322546925672
Poor positivity,210,Naive regression Y~A,4.2381892737670945,2.0,2.2381892737670945,5.009491225206074
Poor positivity,210,Adjusted regression Y~A+X,1.857024801308145,2.0,-0.14297519869185504,0.02044190744097543
Poor positivity,210,IPW Hajek,2.791728734299811,2.0,0.7917287342998112,0.626834388715981
Poor positivity,211,Naive regression Y~A,4.294479520220143,2.0,2.2944795202201433,5.264636268709659
Poor positivity,211,Adjusted regression Y~A+X,2.212861550998406,2.0,0.2128615509984062,0.045310039893447084
Poor positivity,211,IPW Hajek,2.807104173390486,2.0,0.8071041733904858,0.6514171467043394
Poor positivity,212,Naive regression Y~A,4.279061033983788,2.0,2.279061033983788,5.194119196623252
Poor positivity,212,Adjusted regression Y~A+X,1.9631470568480276,2.0,-0.036852943151972406,0.0013581394189625098
Poor positivity,212,IPW Hajek,3.106180559504354,2.0,1.1061805595043541,1.223635430225366
Poor positivity,213,Naive regression Y~A,4.199597806278856,2.0,2.199597806278856,4.838230509386755
Poor positivity,213,Adjusted regression Y~A+X,1.8569983711701503,2.0,-0.14300162882984968,0.020449465847990095
Poor positivity,213,IPW Hajek,2.4660897944746716,2.0,0.4660897944746716,0.2172396965134416
Poor positivity,214,Naive regression Y~A,4.192260267658279,2.0,2.1922602676582787,4.806005081153148
Poor positivity,214,Adjusted regression Y~A+X,1.8044131159848245,2.0,-0.19558688401517554,0.038254229198765734
Poor positivity,214,IPW Hajek,2.8419196612652957,2.0,0.8419196612652957,0.7088287160250702
Poor positivity,215,Naive regression Y~A,4.08098116360478,2.0,2.08098116360478,4.330482603277904
Poor positivity,215,Adjusted regression Y~A+X,1.9582220877454048,2.0,-0.04177791225459515,0.0017453939523526516
Poor positivity,215,IPW Hajek,2.5273875344838608,2.0,0.5273875344838608,0.27813761152896543
Poor positivity,216,Naive regression Y~A,4.061445430021342,2.0,2.061445430021342,4.249557260955876
Poor positivity,216,Adjusted regression Y~A+X,1.9559731769031208,2.0,-0.04402682309687922,0.0019383611520038975
Poor positivity,216,IPW Hajek,2.8919373055420516,2.0,0.8919373055420516,0.7955521570176152
Poor positivity,217,Naive regression Y~A,4.087469346148601,2.0,2.087469346148601,4.357528271110067
Poor positivity,217,Adjusted regression Y~A+X,2.0892332223946224,2.0,0.08923322239462239,0.007962567978928138
Poor positivity,217,IPW Hajek,2.55759204159449,2.0,0.5575920415944902,0.3109088848495116
Poor positivity,218,Naive regression Y~A,4.2154763173852565,2.0,2.2154763173852565,4.908335312894938
Poor positivity,218,Adjusted regression Y~A+X,1.9836440766378247,2.0,-0.016355923362175284,0.00026751622902935123
Poor positivity,218,IPW Hajek,2.498542033559764,2.0,0.4985420335597639,0.24854415922590475
Poor positivity,219,Naive regression Y~A,4.246637218188408,2.0,2.2466372181884076,5.047378790149346
Poor positivity,219,Adjusted regression Y~A+X,2.069349508087823,2.0,0.06934950808782281,0.004809354272023001
Poor positivity,219,IPW Hajek,2.5720378633502063,2.0,0.5720378633502063,0.32722731710626934
Poor positivity,220,Naive regression Y~A,4.131731044352779,2.0,2.1317310443527786,4.544277245457388
Poor positivity,220,Adjusted regression Y~A+X,1.9785251524814162,2.0,-0.02147484751858375,0.0004611690759464227
Poor positivity,220,IPW Hajek,2.9346682768561863,2.0,0.9346682768561863,0.8736047877613125
Poor positivity,221,Naive regression Y~A,4.022481305806699,2.0,2.022481305806699,4.09043063233757
Poor positivity,221,Adjusted regression Y~A+X,1.9550794780181406,2.0,-0.04492052198185936,0.00201785329512271
Poor positivity,221,IPW Hajek,2.830696386491833,2.0,0.8306963864918329,0.6900564865305886
Poor positivity,222,Naive regression Y~A,4.050682019374229,2.0,2.0506820193742286,4.205296744584764
Poor positivity,222,Adjusted regression Y~A+X,2.0510151099017655,2.0,0.0510151099017655,0.002602541438289212
Poor positivity,222,IPW Hajek,3.101073996910339,2.0,1.1010739969103391,1.2123639466721094
Poor positivity,223,Naive regression Y~A,4.321072477693376,2.0,2.3210724776933764,5.38737744670567
Poor positivity,223,Adjusted regression Y~A+X,2.1333011722337014,2.0,0.13330117223370141,0.01776920251887893
Poor positivity,223,IPW Hajek,2.690906877265995,2.0,0.690906877265995,0.47735231305344866
Poor positivity,224,Naive regression Y~A,4.162022331420234,2.0,2.162022331420234,4.6743405615597835
Poor positivity,224,Adjusted regression Y~A+X,2.048191831988526,2.0,0.04819183198852617,0.002322452670410334
Poor positivity,224,IPW Hajek,2.2075729235556074,2.0,0.2075729235556074,0.04308651859342204
Poor positivity,225,Naive regression Y~A,4.168890059957744,2.0,2.168890059957744,4.704084092183506
Poor positivity,225,Adjusted regression Y~A+X,1.9350867882178602,2.0,-0.06491321178213982,0.004213725063872936
Poor positivity,225,IPW Hajek,2.8778188714548425,2.0,0.8778188714548425,0.7705659710822533
Poor positivity,226,Naive regression Y~A,4.167513177156777,2.0,2.167513177156777,4.698113373148265
Poor positivity,226,Adjusted regression Y~A+X,1.9692917791285722,2.0,-0.03070822087142777,0.0009429948290883922
Poor positivity,226,IPW Hajek,2.4242697229424306,2.0,0.4242697229424306,0.18000479780564682
Poor positivity,227,Naive regression Y~A,4.051296545808494,2.0,2.051296545808494,4.20781751884586
Poor positivity,227,Adjusted regression Y~A+X,1.908280063638321,2.0,-0.09171993636167897,0.00841254672619044
Poor positivity,227,IPW Hajek,2.669021650100119,2.0,0.6690216501001189,0.447589968302686
Poor positivity,228,Naive regression Y~A,3.9833929578435505,2.0,1.9833929578435505,3.9338476252233883
Poor positivity,228,Adjusted regression Y~A+X,1.922300046816015,2.0,-0.07769995318398504,0.006037282724793466
Poor positivity,228,IPW Hajek,2.5293198631710854,2.0,0.5293198631710854,0.2801795175474565
Poor positivity,229,Naive regression Y~A,4.198833041316487,2.0,2.1988330413164867,4.834866743585111
Poor positivity,229,Adjusted regression Y~A+X,2.1507290265318604,2.0,0.15072902653186038,0.02271923943924227
Poor positivity,229,IPW Hajek,2.7727463449157383,2.0,0.7727463449157383,0.5971369135806333
Poor positivity,230,Naive regression Y~A,4.21958041425797,2.0,2.21958041425797,4.926537215357581
Poor positivity,230,Adjusted regression Y~A+X,1.9672004030533152,2.0,-0.03279959694668477,0.001075813559864973
Poor positivity,230,IPW Hajek,2.4738231932438914,2.0,0.47382319324389144,0.22450841845583808
Poor positivity,231,Naive regression Y~A,4.193527783891461,2.0,2.1935277838914606,4.811564138703782
Poor positivity,231,Adjusted regression Y~A+X,2.0352107883452653,2.0,0.035210788345265254,0.0012397996158950673
Poor positivity,231,IPW Hajek,2.878828262787378,2.0,0.878828262787378,0.7723391154738808
Poor positivity,232,Naive regression Y~A,4.260175894539101,2.0,2.260175894539101,5.108395074255625
Poor positivity,232,Adjusted regression Y~A+X,2.0140798491683243,2.0,0.014079849168324277,0.0001982421526027618
Poor positivity,232,IPW Hajek,3.14387624335616,2.0,1.1438762433561598,1.3084528601146004
Poor positivity,233,Naive regression Y~A,4.166663719804973,2.0,2.1666637198049727,4.694431674719121
Poor positivity,233,Adjusted regression Y~A+X,1.8481706428284788,2.0,-0.15182935717152124,0.023052153699117367
Poor positivity,233,IPW Hajek,2.8432345278547793,2.0,0.8432345278547793,0.7110444689664724
Poor positivity,234,Naive regression Y~A,4.170102006979692,2.0,2.1701020069796924,4.709342720697289
Poor positivity,234,Adjusted regression Y~A+X,1.9027012577739246,2.0,-0.09729874222607537,0.009467045238776263
Poor positivity,234,IPW Hajek,2.5900676341048765,2.0,0.5900676341048765,0.34817981281812643
Poor positivity,235,Naive regression Y~A,4.093607853817174,2.0,2.093607853817174,4.383193845564953
Poor positivity,235,Adjusted regression Y~A+X,2.000612912161064,2.0,0.0006129121610638499,3.7566131717995874e-07
Poor positivity,235,IPW Hajek,2.48803057324273,2.0,0.4880305732427299,0.23817384041962758
Poor positivity,236,Naive regression Y~A,4.229928369764274,2.0,2.2299283697642744,4.972580534279555
Poor positivity,236,Adjusted regression Y~A+X,2.0293102772391043,2.0,0.029310277239104288,0.0008590923518331548
Poor positivity,236,IPW Hajek,2.4433578328481564,2.0,0.44335783284815644,0.1965661679478138
Poor positivity,237,Naive regression Y~A,4.119635054610068,2.0,2.119635054610068,4.492852764731826
Poor positivity,237,Adjusted regression Y~A+X,1.9408712601027847,2.0,-0.05912873989721534,0.0034962078818325457
Poor positivity,237,IPW Hajek,2.8410207021956944,2.0,0.8410207021956944,0.7073158215217388
Poor positivity,238,Naive regression Y~A,4.183726040468323,2.0,2.183726040468323,4.76865941981946
Poor positivity,238,Adjusted regression Y~A+X,1.9009545868765099,2.0,-0.09904541312349013,0.009809993860802831
Poor positivity,238,IPW Hajek,2.8036251095829954,2.0,0.8036251095829954,0.6458133167522814
Poor positivity,239,Naive regression Y~A,4.103623573930193,2.0,2.103623573930193,4.425232140794838
Poor positivity,239,Adjusted regression Y~A+X,2.0238619576130965,2.0,0.023861957613096507,0.0005693930211292143
Poor positivity,239,IPW Hajek,2.71459764094607,2.0,0.7145976409460699,0.5106497884456883
Poor positivity,240,Naive regression Y~A,4.192485349778502,2.0,2.1924853497785017,4.806992008993359
Poor positivity,240,Adjusted regression Y~A+X,1.927342651099474,2.0,-0.072657348900526,0.005279090349252767
Poor positivity,240,IPW Hajek,2.916011170319897,2.0,0.916011170319897,0.8390764641508274
Poor positivity,241,Naive regression Y~A,4.198104944479367,2.0,2.1981049444793674,4.831665346944643
Poor positivity,241,Adjusted regression Y~A+X,1.9110683531376043,2.0,-0.08893164686239574,0.007908837813657862
Poor positivity,241,IPW Hajek,2.5267263508724085,2.0,0.5267263508724085,0.2774406487033636
Poor positivity,242,Naive regression Y~A,4.315002003832831,2.0,2.3150020038328307,5.359234277750022
Poor positivity,242,Adjusted regression Y~A+X,2.0076642655987658,2.0,0.007664265598765763,5.874096716842431e-05
Poor positivity,242,IPW Hajek,2.0906911847346183,2.0,0.09069118473461835,0.008224890988568672
Poor positivity,243,Naive regression Y~A,4.229182783294646,2.0,2.229182783294646,4.969255881337264
Poor positivity,243,Adjusted regression Y~A+X,2.051046676055864,2.0,0.051046676055864104,0.0026057631363523297
Poor positivity,243,IPW Hajek,3.068936084087503,2.0,1.068936084087503,1.1426243518643255
Poor positivity,244,Naive regression Y~A,4.255053287194402,2.0,2.255053287194402,5.085265328086277
Poor positivity,244,Adjusted regression Y~A+X,2.1539465084078993,2.0,0.15394650840789925,0.023699527450983394
Poor positivity,244,IPW Hajek,3.076619081075833,2.0,1.0766190810758332,1.1591086457365714
Poor positivity,245,Naive regression Y~A,4.15007044655022,2.0,2.1500704465502203,4.6228029251286635
Poor positivity,245,Adjusted regression Y~A+X,1.9475079546390817,2.0,-0.05249204536091834,0.0027554148261727082
Poor positivity,245,IPW Hajek,2.5237611981462975,2.0,0.5237611981462975,0.2743257926836451
Poor positivity,246,Naive regression Y~A,4.119909125475232,2.0,2.119909125475232,4.494014700273162
Poor positivity,246,Adjusted regression Y~A+X,1.9916021616313098,2.0,-0.008397838368690236,7.052368926664588e-05
Poor positivity,246,IPW Hajek,2.5198666424547618,2.0,0.5198666424547618,0.2702613259371871
Poor positivity,247,Naive regression Y~A,4.025500750318634,2.0,2.025500750318634,4.102653289541349
Poor positivity,247,Adjusted regression Y~A+X,1.8356235569449324,2.0,-0.1643764430550676,0.027019615031435882
Poor positivity,247,IPW Hajek,2.5232496289728705,2.0,0.5232496289728705,0.27379017422024665
Poor positivity,248,Naive regression Y~A,4.139599014151882,2.0,2.139599014151882,4.577883941359705
Poor positivity,248,Adjusted regression Y~A+X,1.905342492897069,2.0,-0.09465750710293097,0.008960043650941427
Poor positivity,248,IPW Hajek,2.5646305789063977,2.0,0.5646305789063977,0.31880769063617376
Poor positivity,249,Naive regression Y~A,4.158739351825149,2.0,2.158739351825149,4.660155589118466
Poor positivity,249,Adjusted regression Y~A+X,1.9199581046198282,2.0,-0.08004189538017181,0.00640670501605037
Poor positivity,249,IPW Hajek,2.7632524911217193,2.0,0.7632524911217193,0.5825543652035102
Poor positivity,250,Naive regression Y~A,4.158487047856691,2.0,2.158487047856691,4.659066335765093
Poor positivity,250,Adjusted regression Y~A+X,1.9785836715519407,2.0,-0.021416328448059296,0.00045865912419515393
Poor positivity,250,IPW Hajek,2.6867572282348977,2.0,0.6867572282348977,0.4716354905328794
Poor positivity,251,Naive regression Y~A,4.083358267655255,2.0,2.083358267655255,4.3403816714075045
Poor positivity,251,Adjusted regression Y~A+X,1.9456313797471396,2.0,-0.05436862025286038,0.0029559468681997396
Poor positivity,251,IPW Hajek,2.864341904514874,2.0,0.8643419045148741,0.7470869279003998
Poor positivity,252,Naive regression Y~A,4.270969466771524,2.0,2.2709694667715237,5.157302319008538
Poor positivity,252,Adjusted regression Y~A+X,2.0573097990435154,2.0,0.05730979904351541,0.0032844130664081194
Poor positivity,252,IPW Hajek,2.489707483968832,2.0,0.4897074839688318,0.23981341985508364
Poor positivity,253,Naive regression Y~A,4.244487753661667,2.0,2.2444877536616668,5.037725276337195
Poor positivity,253,Adjusted regression Y~A+X,2.011012291695015,2.0,0.01101229169501483,0.00012127056837609262
Poor positivity,253,IPW Hajek,2.7010820896030814,2.0,0.7010820896030814,0.49151609636222304
Poor positivity,254,Naive regression Y~A,4.130844870471106,2.0,2.1308448704711056,4.540499862013023
Poor positivity,254,Adjusted regression Y~A+X,1.9905551861658188,2.0,-0.009444813834181165,8.920450836233992e-05
Poor positivity,254,IPW Hajek,2.9639255443163948,2.0,0.9639255443163948,0.9291524549856579
Poor positivity,255,Naive regression Y~A,4.164946020539374,2.0,2.1649460205393742,4.686991271849273
Poor positivity,255,Adjusted regression Y~A+X,2.0780866993785767,2.0,0.07808669937857671,0.006097532619840212
Poor positivity,255,IPW Hajek,3.011501741357885,2.0,1.0115017413578848,1.0231357727700334
Poor positivity,256,Naive regression Y~A,4.040092359757286,2.0,2.0400923597572858,4.161976836340051
Poor positivity,256,Adjusted regression Y~A+X,1.8121651651767912,2.0,-0.18783483482320884,0.03528192517306215
Poor positivity,256,IPW Hajek,2.4769842567273868,2.0,0.47698425672738676,0.2275139811657776
Poor positivity,257,Naive regression Y~A,4.172874508176338,2.0,2.1728745081763376,4.721383628282561
Poor positivity,257,Adjusted regression Y~A+X,2.0389015310494445,2.0,0.03890153104944449,0.001513329117990894
Poor positivity,257,IPW Hajek,2.886545392749823,2.0,0.8865453927498228,0.7859627334059376
Poor positivity,258,Naive regression Y~A,4.192646547575472,2.0,2.192646547575472,4.807698882594637
Poor positivity,258,Adjusted regression Y~A+X,2.0379672710123233,2.0,0.037967271012323334,0.0014415136681232078
Poor positivity,258,IPW Hajek,2.877438757322549,2.0,0.8774387573225488,0.7698987728517388
Poor positivity,259,Naive regression Y~A,4.212953470856815,2.0,2.2129534708568146,4.897163064177223
Poor positivity,259,Adjusted regression Y~A+X,1.9777835037227862,2.0,-0.022216496277213782,0.0004935727068354538
Poor positivity,259,IPW Hajek,2.6330416725052728,2.0,0.6330416725052728,0.40074175912827303
Poor positivity,260,Naive regression Y~A,4.26079246757173,2.0,2.26079246757173,5.111182581429072
Poor positivity,260,Adjusted regression Y~A+X,2.1794841138369567,2.0,0.17948411383695673,0.03221454711983764
Poor positivity,260,IPW Hajek,2.6410555560625646,2.0,0.6410555560625646,0.4109522259586839
Poor positivity,261,Naive regression Y~A,4.167704303284256,2.0,2.167704303284256,4.698941946477082
Poor positivity,261,Adjusted regression Y~A+X,1.9542254242324495,2.0,-0.04577457576755051,0.002095311786699222
Poor positivity,261,IPW Hajek,2.8060789455737094,2.0,0.8060789455737094,0.6497632664972232
Poor positivity,262,Naive regression Y~A,4.321594941539653,2.0,2.3215949415396526,5.389803072582503
Poor positivity,262,Adjusted regression Y~A+X,2.091055622114454,2.0,0.09105562211445406,0.008291126318650255
Poor positivity,262,IPW Hajek,3.1209862026215593,2.0,1.1209862026215593,1.2566100664679036
Poor positivity,263,Naive regression Y~A,4.280210693420434,2.0,2.2802106934204343,5.199360806388897
Poor positivity,263,Adjusted regression Y~A+X,2.1203384585735714,2.0,0.1203384585735714,0.01448134461186316
Poor positivity,263,IPW Hajek,3.1768736631933265,2.0,1.1768736631933265,1.3850316191180794
Poor positivity,264,Naive regression Y~A,4.256178621794127,2.0,2.2561786217941266,5.090341973440845
Poor positivity,264,Adjusted regression Y~A+X,1.9157964933121885,2.0,-0.08420350668781151,0.007090230538524318
Poor positivity,264,IPW Hajek,2.899145831857997,2.0,0.899145831857997,0.8084632269476094
Poor positivity,265,Naive regression Y~A,4.156761379571587,2.0,2.156761379571587,4.651619648411535
Poor positivity,265,Adjusted regression Y~A+X,2.0626602639685876,2.0,0.06266026396858759,0.003926308680613076
Poor positivity,265,IPW Hajek,2.4849767759366133,2.0,0.48497677593661326,0.235202473197872
Poor positivity,266,Naive regression Y~A,4.336842103565924,2.0,2.3368421035659237,5.460831016998411
Poor positivity,266,Adjusted regression Y~A+X,1.9732538675234739,2.0,-0.02674613247652613,0.0007153556024518858
Poor positivity,266,IPW Hajek,3.0584979900476794,2.0,1.0584979900476794,1.1204179949349773
Poor positivity,267,Naive regression Y~A,4.275460207837543,2.0,2.2754602078375434,5.177719157452076
Poor positivity,267,Adjusted regression Y~A+X,2.0606416154548945,2.0,0.06064161545489455,0.003677405524979305
Poor positivity,267,IPW Hajek,2.428744786419481,2.0,0.4287447864194811,0.18382209188188647
Poor positivity,268,Naive regression Y~A,4.353363875394454,2.0,2.3533638753944537,5.5383215300116015
Poor positivity,268,Adjusted regression Y~A+X,1.9922232026484847,2.0,-0.007776797351515263,6.0478577046534815e-05
Poor positivity,268,IPW Hajek,2.7531869308619923,2.0,0.7531869308619923,0.5672905528213076
Poor positivity,269,Naive regression Y~A,4.080757765557513,2.0,2.0807577655575127,4.329552878927893
Poor positivity,269,Adjusted regression Y~A+X,1.7382381659587423,2.0,-0.26176183404125775,0.06851925776064297
Poor positivity,269,IPW Hajek,2.2001128387532107,2.0,0.20011283875321073,0.04004514823386852
Poor positivity,270,Naive regression Y~A,4.248693837869739,2.0,2.248693837869739,5.056623976473337
Poor positivity,270,Adjusted regression Y~A+X,2.011815477005124,2.0,0.011815477005124198,0.00013960549685861868
Poor positivity,270,IPW Hajek,2.287345507878788,2.0,0.2873455078787881,0.08256744089811867
Poor positivity,271,Naive regression Y~A,4.1582680170635955,2.0,2.1582680170635955,4.658120833479624
Poor positivity,271,Adjusted regression Y~A+X,1.7829923151878073,2.0,-0.21700768481219268,0.04709233526754796
Poor positivity,271,IPW Hajek,2.8157171387899664,2.0,0.8157171387899664,0.6653944505156894
Poor positivity,272,Naive regression Y~A,4.220053440887417,2.0,2.2200534408874173,4.928637280396061
Poor positivity,272,Adjusted regression Y~A+X,2.1571102243297573,2.0,0.1571102243297573,0.02468362258894666
Poor positivity,272,IPW Hajek,2.7179013847198448,2.0,0.7179013847198448,0.5153823981826706
Poor positivity,273,Naive regression Y~A,4.141364319640307,2.0,2.1413643196403074,4.585441149428597
Poor positivity,273,Adjusted regression Y~A+X,2.0217175834199046,2.0,0.021717583419904596,0.000471653429600515
Poor positivity,273,IPW Hajek,2.357455438268488,2.0,0.357455438268488,0.12777439034771684
Poor positivity,274,Naive regression Y~A,4.19881250768561,2.0,2.19881250768561,4.834776443954682
Poor positivity,274,Adjusted regression Y~A+X,2.0790149931125335,2.0,0.07901499311253346,0.00624336913657371
Poor positivity,274,IPW Hajek,2.474182826973642,2.0,0.4741828269736419,0.2248493533967148
Poor positivity,275,Naive regression Y~A,4.251399016742608,2.0,2.2513990167426083,5.068797532589584
Poor positivity,275,Adjusted regression Y~A+X,1.9017052174996105,2.0,-0.09829478250038948,0.009661864266798874
Poor positivity,275,IPW Hajek,2.5886830955439635,2.0,0.5886830955439635,0.3465477869792232
Poor positivity,276,Naive regression Y~A,4.159133424793896,2.0,2.159133424793896,4.661857146062218
Poor positivity,276,Adjusted regression Y~A+X,1.9264349455521057,2.0,-0.0735650544478943,0.005411817235921652
Poor positivity,276,IPW Hajek,0.8103485095526977,2.0,-1.1896514904473023,1.415270668723488
Poor positivity,277,Naive regression Y~A,4.071699236467517,2.0,2.0716992364675173,4.291937726380094
Poor positivity,277,Adjusted regression Y~A+X,1.9564533970828648,2.0,-0.04354660291713519,0.0018963066256226472
Poor positivity,277,IPW Hajek,2.639057335591767,2.0,0.639057335591767,0.4083942781736484
Poor positivity,278,Naive regression Y~A,4.177335222584765,2.0,2.177335222584765,4.740788671508248
Poor positivity,278,Adjusted regression Y~A+X,1.9778881218163287,2.0,-0.02211187818367133,0.0004889351568095201
Poor positivity,278,IPW Hajek,2.1207914446904317,2.0,0.12079144469043168,0.014590573110401616
Poor positivity,279,Naive regression Y~A,4.185428780071756,2.0,2.1854287800717556,4.7760989527659214
Poor positivity,279,Adjusted regression Y~A+X,1.9215451400501868,2.0,-0.07845485994981316,0.0061551650497447975
Poor positivity,279,IPW Hajek,2.9135874998366362,2.0,0.9135874998366362,0.8346421198577558
Poor positivity,280,Naive regression Y~A,4.265240012056994,2.0,2.265240012056994,5.1313123122239706
Poor positivity,280,Adjusted regression Y~A+X,2.000491753156082,2.0,0.0004917531560821864,2.418211665167912e-07
Poor positivity,280,IPW Hajek,2.341587439942088,2.0,0.3415874399420882,0.1166819791261897
Poor positivity,281,Naive regression Y~A,4.14220342614408,2.0,2.1422034261440803,4.589035518983437
Poor positivity,281,Adjusted regression Y~A+X,1.9044647675071698,2.0,-0.09553523249283025,0.009126980647459128
Poor positivity,281,IPW Hajek,2.748389876336803,2.0,0.7483898763368031,0.5600874070034154
Poor positivity,282,Naive regression Y~A,4.249901228417527,2.0,2.249901228417527,5.062055537634698
Poor positivity,282,Adjusted regression Y~A+X,1.8872200606102287,2.0,-0.11277993938977127,0.01271931472876048
Poor positivity,282,IPW Hajek,2.592983604456796,2.0,0.592983604456796,0.3516295551545739
Poor positivity,283,Naive regression Y~A,4.185912192975443,2.0,2.185912192975443,4.778212115398709
Poor positivity,283,Adjusted regression Y~A+X,2.0332544552393843,2.0,0.033254455239384306,0.0011058587932682143
Poor positivity,283,IPW Hajek,2.795713672386104,2.0,0.7957136723861038,0.6331602484221798
Poor positivity,284,Naive regression Y~A,4.138855233582898,2.0,2.1388552335828983,4.5747017102249545
Poor positivity,284,Adjusted regression Y~A+X,1.9473181749427677,2.0,-0.05268182505723229,0.002775374691360828
Poor positivity,284,IPW Hajek,2.7073748180848565,2.0,0.7073748180848565,0.5003791332605838
Poor positivity,285,Naive regression Y~A,4.1394667836183245,2.0,2.1394667836183245,4.577318118206139
Poor positivity,285,Adjusted regression Y~A+X,1.9367609939411796,2.0,-0.06323900605882038,0.003999171887307521
Poor positivity,285,IPW Hajek,2.4914480779047175,2.0,0.49144807790471745,0.24152121327624124
Poor positivity,286,Naive regression Y~A,4.079399597218378,2.0,2.0793995972183783,4.323902684911954
Poor positivity,286,Adjusted regression Y~A+X,1.8339723101780412,2.0,-0.1660276898219588,0.027565193787616567
Poor positivity,286,IPW Hajek,2.530685578745394,2.0,0.5306855787453939,0.28162718348833365
Poor positivity,287,Naive regression Y~A,4.161579096977288,2.0,2.161579096977288,4.6724241924891485
Poor positivity,287,Adjusted regression Y~A+X,2.086248987447504,2.0,0.08624898744750409,0.007438887835719718
Poor positivity,287,IPW Hajek,3.0069741393426357,2.0,1.0069741393426357,1.013996917304842
Poor positivity,288,Naive regression Y~A,3.9857226495704774,2.0,1.9857226495704774,3.943094441017197
Poor positivity,288,Adjusted regression Y~A+X,1.8955345399663694,2.0,-0.10446546003363055,0.010913032340038062
Poor positivity,288,IPW Hajek,2.0992811521500245,2.0,0.09928115215002453,0.009856747172236321
Poor positivity,289,Naive regression Y~A,4.1398981790667,2.0,2.1398981790666998,4.579164216772978
Poor positivity,289,Adjusted regression Y~A+X,1.8630750442679678,2.0,-0.13692495573203223,0.018748443502218985
Poor positivity,289,IPW Hajek,2.6235392361168746,2.0,0.6235392361168746,0.38880117897721544
Poor positivity,290,Naive regression Y~A,4.108667319459242,2.0,2.108667319459242,4.446477864155424
Poor positivity,290,Adjusted regression Y~A+X,1.9426320338908836,2.0,-0.05736796610911643,0.0032910835354967314
Poor positivity,290,IPW Hajek,2.2072315613124727,2.0,0.20723156131247267,0.04294492000400512
Poor positivity,291,Naive regression Y~A,4.173732775921207,2.0,2.1737327759212066,4.725114181114114
Poor positivity,291,Adjusted regression Y~A+X,1.8952628411726364,2.0,-0.10473715882736356,0.010969872439228381
Poor positivity,291,IPW Hajek,2.0394979733854672,2.0,0.03949797338546723,0.0015600899015590778
Poor positivity,292,Naive regression Y~A,4.0762262241360565,2.0,2.0762262241360565,4.310715333790267
Poor positivity,292,Adjusted regression Y~A+X,1.9015305091410226,2.0,-0.09846949085897738,0.009696240630026231
Poor positivity,292,IPW Hajek,2.611590840439297,2.0,0.6115908404392969,0.3740433561092455
Poor positivity,293,Naive regression Y~A,4.017402515711074,2.0,2.0174025157110744,4.069912910397372
Poor positivity,293,Adjusted regression Y~A+X,1.8654643651984222,2.0,-0.13453563480157782,0.018099837031463516
Poor positivity,293,IPW Hajek,2.255180290423859,2.0,0.2551802904238589,0.06511698062080498
Poor positivity,294,Naive regression Y~A,4.281043142994121,2.0,2.281043142994121,5.203157820200498
Poor positivity,294,Adjusted regression Y~A+X,2.0100508945280238,2.0,0.010050894528023768,0.00010102048081345813
Poor positivity,294,IPW Hajek,2.1826997685317773,2.0,0.18269976853177727,0.03337920542156499
Poor positivity,295,Naive regression Y~A,4.142496957326826,2.0,2.142496957326826,4.590293212154708
Poor positivity,295,Adjusted regression Y~A+X,1.898308866437833,2.0,-0.10169113356216708,0.010341086645158504
Poor positivity,295,IPW Hajek,2.891444255261619,2.0,0.8914442552616189,0.7946728602389422
Poor positivity,296,Naive regression Y~A,4.278352820010271,2.0,2.278352820010271,5.190891572448755
Poor positivity,296,Adjusted regression Y~A+X,2.0679963489947917,2.0,0.06799634899479168,0.004623503476621507
Poor positivity,296,IPW Hajek,2.6282380089184176,2.0,0.6282380089184176,0.3946829958497778
Poor positivity,297,Naive regression Y~A,4.101962889408352,2.0,2.1019628894083517,4.418247988449907
Poor positivity,297,Adjusted regression Y~A+X,1.9459747146556827,2.0,-0.054025285344317275,0.002918731456534903
Poor positivity,297,IPW Hajek,1.8066935679057035,2.0,-0.19330643209429654,0.03736737668902688
Poor positivity,298,Naive regression Y~A,3.9752010999464877,2.0,1.9752010999464877,3.901419385229815
Poor positivity,298,Adjusted regression Y~A+X,2.045023628215904,2.0,0.04502362821590422,0.0020271270977239666
Poor positivity,298,IPW Hajek,2.7931571354354117,2.0,0.7931571354354117,0.6290982414921079
Poor positivity,299,Naive regression Y~A,4.101803598595844,2.0,2.1018035985958443,4.417578367070441
Poor positivity,299,Adjusted regression Y~A+X,1.9186560059341955,2.0,-0.0813439940658045,0.0066168453705776386
Poor positivity,299,IPW Hajek,2.066379218897156,2.0,0.06637921889715592,0.004406200701396542
